KeyName,LnkName,KeyLastWriteTimestamp
access.lnk|108d3342098bb528,C:\ProgramData\Microsoft\Windows\Start Menu\Programs\Access.lnk,2025-07-09 15:50:24
administrative t|65228553ab9d6519,c:\users\client\AppData\Roaming\Microsoft\Windows\Start Menu\Programs\System Tools\Administrative Tools.lnk,2025-07-09 15:51:29
character map.ln|a9bafb4ca6647e44,C:\ProgramData\Microsoft\Windows\Start Menu\Programs\Accessories\System Tools\Character Map.lnk,2025-07-09 15:50:30
command prompt.l|e47f7f8b59e60fda,c:\users\client\AppData\Roaming\Microsoft\Windows\Start Menu\Programs\System Tools\Command Prompt.lnk,2025-07-09 15:51:29
component servic|359825efd3d8f6e7,C:\ProgramData\Microsoft\Windows\Start Menu\Programs\Administrative Tools\Component Services.lnk,2025-07-09 15:50:30
computer managem|234510a6c0bf02bf,C:\ProgramData\Microsoft\Windows\Start Menu\Programs\Administrative Tools\Computer Management.lnk,2025-07-09 15:50:30
computer.lnk|2ef597614879f3df,c:\users\client\AppData\Roaming\Microsoft\Windows\Start Menu\Programs\System Tools\computer.lnk,2025-07-09 15:51:29
control panel.ln|77702935400e70c8,c:\users\client\AppData\Roaming\Microsoft\Windows\Start Menu\Programs\System Tools\Control Panel.lnk,2025-07-09 15:51:29
dfrgui.lnk|6d94f7be43a3a3a6,C:\ProgramData\Microsoft\Windows\Start Menu\Programs\Administrative Tools\dfrgui.lnk,2025-07-09 15:50:30
disk cleanup.lnk|62909f750f89c6e5,C:\ProgramData\Microsoft\Windows\Start Menu\Programs\Administrative Tools\Disk Cleanup.lnk,2025-07-09 15:50:30
endpoint self he|9cc19cc1d7168936,C:\ProgramData\Microsoft\Windows\Start Menu\Programs\Sophos\Endpoint Self Help.lnk,2025-07-09 15:50:49
event viewer.lnk|53b878dde735fea7,C:\ProgramData\Microsoft\Windows\Start Menu\Programs\Administrative Tools\Event Viewer.lnk,2025-07-09 15:50:30
excel.lnk|55a857be1a997a6a,C:\ProgramData\Microsoft\Windows\Start Menu\Programs\Excel.lnk,2025-07-09 15:50:34
file explorer.ln|84a15e396f2c531,c:\users\client\AppData\Roaming\Microsoft\Windows\Start Menu\Programs\System Tools\File Explorer.lnk,2025-07-09 15:51:29
file explorer.ln|a44c7ff4f6aa4b12,c:\users\client\AppData\Roaming\Microsoft\Internet Explorer\Quick Launch\User Pinned\TaskBar\File Explorer.lnk,2025-07-09 15:51:30
google chrome.ln|32f2f2b02e508cef,C:\ProgramData\Microsoft\Windows\Start Menu\Programs\Google Chrome.lnk,2025-07-09 15:50:35
google chrome.ln|fd5a6049317900fa,C:\Users\Public\Desktop\Google Chrome.lnk,2025-07-09 15:51:05
internet explore|f226142265630039,c:\users\client\AppData\Roaming\Microsoft\Windows\Start Menu\Programs\Accessories\Internet Explorer.lnk,2025-07-09 15:51:28
iscsi initiator.|afb67f6079313688,C:\ProgramData\Microsoft\Windows\Start Menu\Programs\Administrative Tools\iSCSI Initiator.lnk,2025-07-09 15:50:31
magnify.lnk|fce9e89635770f02,c:\users\client\AppData\Roaming\Microsoft\Windows\Start Menu\Programs\Accessibility\Magnify.lnk,2025-07-09 15:51:28
math input panel|984bf2fa2a87f169,C:\ProgramData\Microsoft\Windows\Start Menu\Programs\Accessories\Math Input Panel.lnk,2025-07-09 15:50:29
memory diagnosti|feac8b8d8877aa2c,C:\ProgramData\Microsoft\Windows\Start Menu\Programs\Administrative Tools\Memory Diagnostics Tool.lnk,2025-07-09 15:50:32
microsoft edge.l|175f76ca52d847af,C:\ProgramData\Microsoft\Windows\Start Menu\Programs\Microsoft Edge.lnk,2025-07-09 15:50:35
microsoft edge.l|308e9910bcdcb1fd,C:\Users\Public\Desktop\Microsoft Edge.lnk,2025-07-09 15:51:05
narrator.lnk|ff8aa8e2234599b8,c:\users\client\AppData\Roaming\Microsoft\Windows\Start Menu\Programs\Accessibility\Narrator.lnk,2025-07-09 15:51:28
notepad.lnk|508c89a410e13c2b,C:\ProgramData\Microsoft\Windows\Start Menu\Programs\Accessories\Notepad.lnk,2025-07-09 15:50:30
odbc data source|42e93af66b0179cc,C:\ProgramData\Microsoft\Windows\Start Menu\Programs\Administrative Tools\ODBC Data Sources (32-bit).lnk,2025-07-09 15:50:32
odbc data source|9740663b465a3030,C:\ProgramData\Microsoft\Windows\Start Menu\Programs\Administrative Tools\ODBC Data Sources (64-bit).lnk,2025-07-09 15:50:33
office language |eaf47eea357b7c8d,C:\ProgramData\Microsoft\Windows\Start Menu\Programs\Microsoft Office Tools\Office Language Preferences.lnk,2025-07-09 15:50:35
on-screen keyboa|ecea696a2fe303d2,c:\users\client\AppData\Roaming\Microsoft\Windows\Start Menu\Programs\Accessibility\On-Screen Keyboard.lnk,2025-07-09 15:51:28
onedrive.lnk|b79d920ebd7ed879,C:\ProgramData\Microsoft\Windows\Start Menu\Programs\OneDrive.lnk,2025-07-09 15:50:36
onenote.lnk|be2aa75cdaced0c1,C:\ProgramData\Microsoft\Windows\Start Menu\Programs\OneNote.lnk,2025-07-09 15:50:37
outlook (classic|588dc42124679436,C:\ProgramData\Microsoft\Windows\Start Menu\Programs\Outlook (classic).lnk,2025-07-09 15:50:37
pageant.lnk|1e5c5fec7a350f18,C:\ProgramData\Microsoft\Windows\Start Menu\Programs\PuTTY (64-bit)\Pageant.lnk,2025-07-09 15:50:39
paint.lnk|a40dccd0d4ee6c9e,C:\ProgramData\Microsoft\Windows\Start Menu\Programs\Accessories\Paint.lnk,2025-07-09 15:50:30
performance moni|7b4ccc410e6c9b2,C:\ProgramData\Microsoft\Windows\Start Menu\Programs\Administrative Tools\Performance Monitor.lnk,2025-07-09 15:50:33
powerpoint.lnk|86cd638959ed7024,C:\ProgramData\Microsoft\Windows\Start Menu\Programs\PowerPoint.lnk,2025-07-09 15:50:37
print management|d62876304a345243,C:\ProgramData\Microsoft\Windows\Start Menu\Programs\Administrative Tools\Print Management.lnk,2025-07-09 15:50:33
psftp.lnk|27451114d1a79246,C:\ProgramData\Microsoft\Windows\Start Menu\Programs\PuTTY (64-bit)\PSFTP.lnk,2025-07-09 15:50:42
publisher.lnk|a259b0c2fd8cb497,C:\ProgramData\Microsoft\Windows\Start Menu\Programs\Publisher.lnk,2025-07-09 15:50:37
putty manual.lnk|ad455460f1c2be62,C:\ProgramData\Microsoft\Windows\Start Menu\Programs\PuTTY (64-bit)\PuTTY Manual.lnk,2025-07-09 15:50:46
putty web site.l|b7afcaaa617a0563,C:\ProgramData\Microsoft\Windows\Start Menu\Programs\PuTTY (64-bit)\PuTTY Web Site.lnk,2025-07-09 15:50:48
putty.lnk|e56a023916b7e120,C:\ProgramData\Microsoft\Windows\Start Menu\Programs\PuTTY (64-bit)\PuTTY.lnk,2025-07-09 15:50:49
puttygen.lnk|61fe8850b8c031d6,C:\ProgramData\Microsoft\Windows\Start Menu\Programs\PuTTY (64-bit)\PuTTYgen.lnk,2025-07-09 15:50:49
quick assist.lnk|aec648940984ef2c,C:\ProgramData\Microsoft\Windows\Start Menu\Programs\Accessories\Quick Assist.lnk,2025-07-09 15:50:30
recoverydrive.ln|bd17aaeacd8dade9,C:\ProgramData\Microsoft\Windows\Start Menu\Programs\Administrative Tools\RecoveryDrive.lnk,2025-07-09 15:50:34
registry editor.|5ddc248726504021,C:\ProgramData\Microsoft\Windows\Start Menu\Programs\Administrative Tools\Registry Editor.lnk,2025-07-09 15:50:34
registry editor.|648b26dcd2c4dd2e,c:\users\client\AppData\Roaming\Microsoft\Internet Explorer\Quick Launch\User Pinned\TaskBar\Registry Editor.lnk,2025-07-09 15:51:30
remote desktop c|41f5bddb6f1b946e,C:\ProgramData\Microsoft\Windows\Start Menu\Programs\Accessories\Remote Desktop Connection.lnk,2025-07-09 15:50:30
resource monitor|f0b52ad95c113be1,C:\ProgramData\Microsoft\Windows\Start Menu\Programs\Administrative Tools\Resource Monitor.lnk,2025-07-09 15:50:34
run.lnk|563788821d5b2d36,c:\users\client\AppData\Roaming\Microsoft\Windows\Start Menu\Programs\System Tools\Run.lnk,2025-07-09 15:51:29
security configu|7d509aa7f2a5ffcc,C:\ProgramData\Microsoft\Windows\Start Menu\Programs\Administrative Tools\Security Configuration Management.lnk,2025-07-09 15:50:34
services.lnk|701369eeb35d6005,C:\ProgramData\Microsoft\Windows\Start Menu\Programs\Administrative Tools\services.lnk,2025-07-09 15:50:34
snipping tool.ln|734ae0b30b37a6fa,C:\ProgramData\Microsoft\Windows\Start Menu\Programs\Accessories\Snipping Tool.lnk,2025-07-09 15:50:30
sophos diagnosti|fc8e4d58f9c16a0,C:\ProgramData\Microsoft\Windows\Start Menu\Programs\Sophos\Sophos Diagnostic Utility\Sophos Diagnostic Utility.lnk,2025-07-09 15:50:50
sophos endpoint |3298eaef12a7176e,C:\ProgramData\Microsoft\Windows\Start Menu\Programs\Sophos\Sophos Endpoint Agent.lnk,2025-07-09 15:50:52
speech recogniti|5d57f1973bdd5430,C:\ProgramData\Microsoft\Windows\Start Menu\Programs\Accessibility\Speech Recognition.lnk,2025-07-09 15:50:29
steps recorder.l|87b62a644197e790,C:\ProgramData\Microsoft\Windows\Start Menu\Programs\Accessories\Steps Recorder.lnk,2025-07-09 15:50:30
sticky notes (ne|fe0540c9bae14d01,C:\ProgramData\Microsoft\Windows\Start Menu\Programs\Sticky Notes (new).lnk,2025-07-09 15:50:52
system configura|82500ada25d8af21,C:\ProgramData\Microsoft\Windows\Start Menu\Programs\Administrative Tools\System Configuration.lnk,2025-07-09 15:50:34
system informati|47a9a0488f6fea8b,C:\ProgramData\Microsoft\Windows\Start Menu\Programs\Administrative Tools\System Information.lnk,2025-07-09 15:50:34
task manager.lnk|4502f59f3e4accf5,C:\ProgramData\Microsoft\Windows\Start Menu\Programs\System Tools\Task Manager.lnk,2025-07-09 15:50:54
task scheduler.l|70d35f1a0016a328,c:\users\client\AppData\Roaming\Microsoft\Internet Explorer\Quick Launch\User Pinned\TaskBar\Task Scheduler.lnk,2025-07-09 15:51:30
task scheduler.l|a1ccac43511808e1,C:\ProgramData\Microsoft\Windows\Start Menu\Programs\Administrative Tools\Task Scheduler.lnk,2025-07-09 15:50:34
windows defender|9641b1036d9d2c34,C:\ProgramData\Microsoft\Windows\Start Menu\Programs\Administrative Tools\Windows Defender Firewall with Advanced Security.lnk,2025-07-09 15:50:34
windows fax and |1f239f501896c947,C:\ProgramData\Microsoft\Windows\Start Menu\Programs\Accessories\Windows Fax and Scan.lnk,2025-07-09 15:50:30
windows media pl|61db8c35c15c8cc6,C:\ProgramData\Microsoft\Windows\Start Menu\Programs\Accessories\Windows Media Player.lnk,2025-07-09 15:50:30
windows powershe|30733c7985fb9bcb,C:\ProgramData\Microsoft\Windows\Start Menu\Programs\Windows PowerShell\Windows PowerShell ISE.lnk,2025-07-09 15:50:57
windows powershe|317e5112ce9f4696,c:\users\client\AppData\Roaming\Microsoft\Internet Explorer\Quick Launch\User Pinned\TaskBar\Windows PowerShell (x86).lnk,2025-07-09 15:51:30
windows powershe|6d2a715ad3bf3395,C:\ProgramData\Microsoft\Windows\Start Menu\Programs\Windows PowerShell\Windows PowerShell ISE (x86).lnk,2025-07-09 15:50:56
windows powershe|a1a0f5063df7e2c8,c:\users\client\AppData\Roaming\Microsoft\Windows\Start Menu\Programs\Windows PowerShell\Windows PowerShell (x86).lnk,2025-07-09 15:51:29
windows powershe|d09c3d4ff150c489,c:\users\client\AppData\Roaming\Microsoft\Windows\Start Menu\Programs\Windows PowerShell\Windows PowerShell.lnk,2025-07-09 15:51:29
wireshark.lnk|7c784a738f3dcbf0,C:\ProgramData\Microsoft\Windows\Start Menu\Programs\Wireshark.lnk,2025-07-09 15:50:59
wireshark.lnk|b0fa713ce33a53ca,c:\users\client\AppData\Roaming\Microsoft\Internet Explorer\Quick Launch\User Pinned\TaskBar\Wireshark.lnk,2025-07-09 15:51:30
word.lnk|a5231da2ea1070e5,C:\ProgramData\Microsoft\Windows\Start Menu\Programs\Word.lnk,2025-07-09 15:51:05
wordpad.lnk|b071df8746c2a535,C:\ProgramData\Microsoft\Windows\Start Menu\Programs\Accessories\Wordpad.lnk,2025-07-09 15:50:30
