KeyName,KeyLastWriteTimestamp,BusReportedDescription,Class,ClassGuid,Compid,ContainerId,Description,DriverId,DriverPackageStrongName,DriverName,DriverVerDate,DriverVerVersion,Enumerator,HWID,Inf,InstallState,Manufacturer,MatchingId,Model,ParentId,ProblemCode,Provider,Service,Stackid
acpi/acpi0003/1,2025-07-09 15:34:28,,battery,{72631e54-78a4-11d0-bcf7-00aa00b7b32a},,{27db0821-3bf9-f71a-f96f-a53403857690},Microsoft AC Adapter,000077597541caaedf91a09f855efe2a2d38fa4fb761,cmbatt.inf_amd64_554d46f6008bc631,cmbatt.sys,06-21-2006,10.0.19041.1,acpi,"acpi\ven_acpi&dev_0003,acpi\acpi0003,*acpi0003",cmbatt.inf,0,Microsoft,acpi\acpi0003,Microsoft AC Adapter,acpi_hal\pnp0c08\0,0,Microsoft,cmbatt,"\driver\cmbatt,\driver\acpi"
acpi/fixedbutton/2&daba3ff&0,2025-07-09 15:34:57,,system,{4d36e97d-e325-11ce-bfc1-08002be10318},,{27db0821-3bf9-f71a-f96f-a53403857690},ACPI Fixed Feature Button,,machine.inf_amd64_72ab89a5cc3218be,,06-21-2006,10.0.19041.3636,acpi,"acpi\fixedbutton,*fixedbutton",machine.inf,0,(Standard system devices),acpi\fixedbutton,ACPI Fixed Feature Button,acpi_hal\pnp0c08\0,0,Microsoft,,\driver\acpi
acpi/genuineintel_-_intel64_family_6_model_142_-_intel(r)_core(tm)_i7-7500u_cpu_@_2.70ghz/_0,2025-07-09 15:34:57,,processor,{50127dc3-0f36-415e-a6cc-4cb3be910b65},acpi\processor,{27db0821-3bf9-f71a-f96f-a53403857690},Intel(R) Core(TM) i7-7500U CPU @ 2.70GHz,000007f6e2972be526f56634322d716086618af2b134,cpu.inf_amd64_405c347a5eef5f2a,intelppm.sys,04-21-2009,10.0.19041.5794,acpi,"acpi\genuineintel_-_intel64_family_6_model_142,*genuineintel_-_intel64_family_6_model_142,acpi\genuineintel_-_intel64_family_6,*genuineintel_-_intel64_family_6,acpi\genuineintel_-_intel64,*genuineintel_-_intel64",cpu.inf,0,Intel,acpi\genuineintel_-_intel64,Intel Processor,acpi_hal\pnp0c08\0,0,Microsoft,intelppm,"\driver\intelppm,\driver\acpi"
acpi/pnp0001/4&1bd7f811&0,2025-07-09 15:34:57,,system,{4d36e97d-e325-11ce-bfc1-08002be10318},,{27db0821-3bf9-f71a-f96f-a53403857690},EISA programmable interrupt controller,,machine.inf_amd64_72ab89a5cc3218be,,06-21-2006,10.0.19041.3636,acpi,"acpi\ven_pnp&dev_0001,acpi\pnp0001,*pnp0001",machine.inf,0,(Standard system devices),*pnp0001,EISA programmable interrupt controller,pci\ven_8086&dev_7110&subsys_197615ad&rev_08\3&61aaa01&0&38,0,Microsoft,,\driver\acpi
acpi/pnp0100/4&1bd7f811&0,2025-07-09 15:34:58,,system,{4d36e97d-e325-11ce-bfc1-08002be10318},,{27db0821-3bf9-f71a-f96f-a53403857690},System timer,,machine.inf_amd64_72ab89a5cc3218be,,06-21-2006,10.0.19041.3636,acpi,"acpi\ven_pnp&dev_0100,acpi\pnp0100,*pnp0100",machine.inf,0,(Standard system devices),*pnp0100,System timer,pci\ven_8086&dev_7110&subsys_197615ad&rev_08\3&61aaa01&0&38,0,Microsoft,,\driver\acpi
acpi/pnp0103/4&1bd7f811&0,2025-07-09 15:34:40,,system,{4d36e97d-e325-11ce-bfc1-08002be10318},*pnp0c01,{27db0821-3bf9-f71a-f96f-a53403857690},High precision event timer,,machine.inf_amd64_72ab89a5cc3218be,,06-21-2006,10.0.19041.3636,acpi,"acpi\ven_pnp&dev_0103,acpi\pnp0103,*pnp0103",machine.inf,0,(Standard system devices),*pnp0103,High precision event timer,pci\ven_8086&dev_7110&subsys_197615ad&rev_08\3&61aaa01&0&38,0,Microsoft,,\driver\acpi
acpi/pnp0200/4&1bd7f811&0,2025-07-09 15:34:54,,system,{4d36e97d-e325-11ce-bfc1-08002be10318},,{27db0821-3bf9-f71a-f96f-a53403857690},Direct memory access controller,,machine.inf_amd64_72ab89a5cc3218be,,06-21-2006,10.0.19041.3636,acpi,"acpi\ven_pnp&dev_0200,acpi\pnp0200,*pnp0200",machine.inf,0,(Standard system devices),*pnp0200,Direct memory access controller,pci\ven_8086&dev_7110&subsys_197615ad&rev_08\3&61aaa01&0&38,0,Microsoft,,\driver\acpi
acpi/pnp0303/4&1bd7f811&0,2025-07-09 15:34:50,,keyboard,{4d36e96b-e325-11ce-bfc1-08002be10318},,{27db0821-3bf9-f71a-f96f-a53403857690},Standard PS/2 Keyboard,00005d81ba523d31016e8c793a7467a7c41a1f35b907,keyboard.inf_amd64_5938c699b80ebb8f,i8042prt.sys,06-21-2006,10.0.19041.1,acpi,"acpi\ven_pnp&dev_0303,acpi\pnp0303,*pnp0303",keyboard.inf,0,(Standard keyboards),*pnp0303,Standard PS/2 Keyboard,pci\ven_8086&dev_7110&subsys_197615ad&rev_08\3&61aaa01&0&38,0,Microsoft,i8042prt,"\driver\kbdclass,\driver\i8042prt,\driver\acpi"
acpi/pnp0800/4&1bd7f811&0,2025-07-09 15:34:57,,system,{4d36e97d-e325-11ce-bfc1-08002be10318},,{27db0821-3bf9-f71a-f96f-a53403857690},System speaker,,machine.inf_amd64_72ab89a5cc3218be,,06-21-2006,10.0.19041.3636,acpi,"acpi\ven_pnp&dev_0800,acpi\pnp0800,*pnp0800",machine.inf,0,(Standard system devices),*pnp0800,System speaker,pci\ven_8086&dev_7110&subsys_197615ad&rev_08\3&61aaa01&0&38,0,Microsoft,,\driver\acpi
acpi/pnp0a03/2&daba3ff&0,2025-07-09 15:34:34,,system,{4d36e97d-e325-11ce-bfc1-08002be10318},*pnp0a08,{27db0821-3bf9-f71a-f96f-a53403857690},PCI Bus,0000cbded3faa6669679b496f5a798d543f2a711b3b8,pci.inf_amd64_fa7515b440352bbb,pci.sys,06-21-2006,10.0.19041.5607,acpi,"acpi\ven_pnp&dev_0a03,acpi\pnp0a03,*pnp0a03",pci.inf,0,(Standard system devices),*pnp0a03,PCI Bus,acpi_hal\pnp0c08\0,0,Microsoft,pci,"\driver\pci,\driver\acpi"
acpi/pnp0a05/10,2025-07-09 15:34:28,,system,{4d36e97d-e325-11ce-bfc1-08002be10318},,{27db0821-3bf9-f71a-f96f-a53403857690},Generic Bus,,machine.inf_amd64_72ab89a5cc3218be,,06-21-2006,10.0.19041.3636,acpi,"acpi\ven_pnp&dev_0a05,acpi\pnp0a05,*pnp0a05",machine.inf,0,(Standard system devices),*pnp0a05,Generic Bus,acpi_hal\pnp0c08\0,0,Microsoft,,\driver\acpi
acpi/pnp0a05/11,2025-07-09 15:34:28,,system,{4d36e97d-e325-11ce-bfc1-08002be10318},,{27db0821-3bf9-f71a-f96f-a53403857690},Generic Bus,,machine.inf_amd64_72ab89a5cc3218be,,06-21-2006,10.0.19041.3636,acpi,"acpi\ven_pnp&dev_0a05,acpi\pnp0a05,*pnp0a05",machine.inf,0,(Standard system devices),*pnp0a05,Generic Bus,acpi_hal\pnp0c08\0,0,Microsoft,,\driver\acpi
acpi/pnp0a05/12,2025-07-09 15:34:28,,system,{4d36e97d-e325-11ce-bfc1-08002be10318},,{27db0821-3bf9-f71a-f96f-a53403857690},Generic Bus,,machine.inf_amd64_72ab89a5cc3218be,,06-21-2006,10.0.19041.3636,acpi,"acpi\ven_pnp&dev_0a05,acpi\pnp0a05,*pnp0a05",machine.inf,0,(Standard system devices),*pnp0a05,Generic Bus,acpi_hal\pnp0c08\0,0,Microsoft,,\driver\acpi
acpi/pnp0a05/13,2025-07-09 15:34:28,,system,{4d36e97d-e325-11ce-bfc1-08002be10318},,{27db0821-3bf9-f71a-f96f-a53403857690},Generic Bus,,machine.inf_amd64_72ab89a5cc3218be,,06-21-2006,10.0.19041.3636,acpi,"acpi\ven_pnp&dev_0a05,acpi\pnp0a05,*pnp0a05",machine.inf,0,(Standard system devices),*pnp0a05,Generic Bus,acpi_hal\pnp0c08\0,0,Microsoft,,\driver\acpi
acpi/pnp0a05/14,2025-07-09 15:34:28,,system,{4d36e97d-e325-11ce-bfc1-08002be10318},,{27db0821-3bf9-f71a-f96f-a53403857690},Generic Bus,,machine.inf_amd64_72ab89a5cc3218be,,06-21-2006,10.0.19041.3636,acpi,"acpi\ven_pnp&dev_0a05,acpi\pnp0a05,*pnp0a05",machine.inf,0,(Standard system devices),*pnp0a05,Generic Bus,acpi_hal\pnp0c08\0,0,Microsoft,,\driver\acpi
acpi/pnp0a05/15,2025-07-09 15:34:28,,system,{4d36e97d-e325-11ce-bfc1-08002be10318},,{27db0821-3bf9-f71a-f96f-a53403857690},Generic Bus,,machine.inf_amd64_72ab89a5cc3218be,,06-21-2006,10.0.19041.3636,acpi,"acpi\ven_pnp&dev_0a05,acpi\pnp0a05,*pnp0a05",machine.inf,0,(Standard system devices),*pnp0a05,Generic Bus,acpi_hal\pnp0c08\0,0,Microsoft,,\driver\acpi
acpi/pnp0a05/16,2025-07-09 15:34:28,,system,{4d36e97d-e325-11ce-bfc1-08002be10318},,{27db0821-3bf9-f71a-f96f-a53403857690},Generic Bus,,machine.inf_amd64_72ab89a5cc3218be,,06-21-2006,10.0.19041.3636,acpi,"acpi\ven_pnp&dev_0a05,acpi\pnp0a05,*pnp0a05",machine.inf,0,(Standard system devices),*pnp0a05,Generic Bus,acpi_hal\pnp0c08\0,0,Microsoft,,\driver\acpi
acpi/pnp0a05/17,2025-07-09 15:34:28,,system,{4d36e97d-e325-11ce-bfc1-08002be10318},,{27db0821-3bf9-f71a-f96f-a53403857690},Generic Bus,,machine.inf_amd64_72ab89a5cc3218be,,06-21-2006,10.0.19041.3636,acpi,"acpi\ven_pnp&dev_0a05,acpi\pnp0a05,*pnp0a05",machine.inf,0,(Standard system devices),*pnp0a05,Generic Bus,acpi_hal\pnp0c08\0,0,Microsoft,,\driver\acpi
acpi/pnp0a05/18,2025-07-09 15:34:28,,system,{4d36e97d-e325-11ce-bfc1-08002be10318},,{27db0821-3bf9-f71a-f96f-a53403857690},Generic Bus,,machine.inf_amd64_72ab89a5cc3218be,,06-21-2006,10.0.19041.3636,acpi,"acpi\ven_pnp&dev_0a05,acpi\pnp0a05,*pnp0a05",machine.inf,0,(Standard system devices),*pnp0a05,Generic Bus,acpi\pnp0a05\10,0,Microsoft,,\driver\acpi
acpi/pnp0a05/19,2025-07-09 15:34:28,,system,{4d36e97d-e325-11ce-bfc1-08002be10318},,{27db0821-3bf9-f71a-f96f-a53403857690},Generic Bus,,machine.inf_amd64_72ab89a5cc3218be,,06-21-2006,10.0.19041.3636,acpi,"acpi\ven_pnp&dev_0a05,acpi\pnp0a05,*pnp0a05",machine.inf,0,(Standard system devices),*pnp0a05,Generic Bus,acpi\pnp0a05\10,0,Microsoft,,\driver\acpi
acpi/pnp0a05/1a,2025-07-09 15:34:28,,system,{4d36e97d-e325-11ce-bfc1-08002be10318},,{27db0821-3bf9-f71a-f96f-a53403857690},Generic Bus,,machine.inf_amd64_72ab89a5cc3218be,,06-21-2006,10.0.19041.3636,acpi,"acpi\ven_pnp&dev_0a05,acpi\pnp0a05,*pnp0a05",machine.inf,0,(Standard system devices),*pnp0a05,Generic Bus,acpi\pnp0a05\10,0,Microsoft,,\driver\acpi
acpi/pnp0a05/1b,2025-07-09 15:34:28,,system,{4d36e97d-e325-11ce-bfc1-08002be10318},,{27db0821-3bf9-f71a-f96f-a53403857690},Generic Bus,,machine.inf_amd64_72ab89a5cc3218be,,06-21-2006,10.0.19041.3636,acpi,"acpi\ven_pnp&dev_0a05,acpi\pnp0a05,*pnp0a05",machine.inf,0,(Standard system devices),*pnp0a05,Generic Bus,acpi\pnp0a05\10,0,Microsoft,,\driver\acpi
acpi/pnp0a05/1c,2025-07-09 15:34:28,,system,{4d36e97d-e325-11ce-bfc1-08002be10318},,{27db0821-3bf9-f71a-f96f-a53403857690},Generic Bus,,machine.inf_amd64_72ab89a5cc3218be,,06-21-2006,10.0.19041.3636,acpi,"acpi\ven_pnp&dev_0a05,acpi\pnp0a05,*pnp0a05",machine.inf,0,(Standard system devices),*pnp0a05,Generic Bus,acpi\pnp0a05\10,0,Microsoft,,\driver\acpi
acpi/pnp0a05/1d,2025-07-09 15:34:28,,system,{4d36e97d-e325-11ce-bfc1-08002be10318},,{27db0821-3bf9-f71a-f96f-a53403857690},Generic Bus,,machine.inf_amd64_72ab89a5cc3218be,,06-21-2006,10.0.19041.3636,acpi,"acpi\ven_pnp&dev_0a05,acpi\pnp0a05,*pnp0a05",machine.inf,0,(Standard system devices),*pnp0a05,Generic Bus,acpi\pnp0a05\10,0,Microsoft,,\driver\acpi
acpi/pnp0a05/1e,2025-07-09 15:34:28,,system,{4d36e97d-e325-11ce-bfc1-08002be10318},,{27db0821-3bf9-f71a-f96f-a53403857690},Generic Bus,,machine.inf_amd64_72ab89a5cc3218be,,06-21-2006,10.0.19041.3636,acpi,"acpi\ven_pnp&dev_0a05,acpi\pnp0a05,*pnp0a05",machine.inf,0,(Standard system devices),*pnp0a05,Generic Bus,acpi\pnp0a05\10,0,Microsoft,,\driver\acpi
acpi/pnp0a05/1f,2025-07-09 15:34:28,,system,{4d36e97d-e325-11ce-bfc1-08002be10318},,{27db0821-3bf9-f71a-f96f-a53403857690},Generic Bus,,machine.inf_amd64_72ab89a5cc3218be,,06-21-2006,10.0.19041.3636,acpi,"acpi\ven_pnp&dev_0a05,acpi\pnp0a05,*pnp0a05",machine.inf,0,(Standard system devices),*pnp0a05,Generic Bus,acpi\pnp0a05\10,0,Microsoft,,\driver\acpi
acpi/pnp0a05/20,2025-07-09 15:34:28,,system,{4d36e97d-e325-11ce-bfc1-08002be10318},,{27db0821-3bf9-f71a-f96f-a53403857690},Generic Bus,,machine.inf_amd64_72ab89a5cc3218be,,06-21-2006,10.0.19041.3636,acpi,"acpi\ven_pnp&dev_0a05,acpi\pnp0a05,*pnp0a05",machine.inf,0,(Standard system devices),*pnp0a05,Generic Bus,acpi\pnp0a05\11,0,Microsoft,,\driver\acpi
acpi/pnp0a05/21,2025-07-09 15:34:28,,system,{4d36e97d-e325-11ce-bfc1-08002be10318},,{27db0821-3bf9-f71a-f96f-a53403857690},Generic Bus,,machine.inf_amd64_72ab89a5cc3218be,,06-21-2006,10.0.19041.3636,acpi,"acpi\ven_pnp&dev_0a05,acpi\pnp0a05,*pnp0a05",machine.inf,0,(Standard system devices),*pnp0a05,Generic Bus,acpi\pnp0a05\11,0,Microsoft,,\driver\acpi
acpi/pnp0a05/22,2025-07-09 15:34:28,,system,{4d36e97d-e325-11ce-bfc1-08002be10318},,{27db0821-3bf9-f71a-f96f-a53403857690},Generic Bus,,machine.inf_amd64_72ab89a5cc3218be,,06-21-2006,10.0.19041.3636,acpi,"acpi\ven_pnp&dev_0a05,acpi\pnp0a05,*pnp0a05",machine.inf,0,(Standard system devices),*pnp0a05,Generic Bus,acpi\pnp0a05\11,0,Microsoft,,\driver\acpi
acpi/pnp0a05/23,2025-07-09 15:34:28,,system,{4d36e97d-e325-11ce-bfc1-08002be10318},,{27db0821-3bf9-f71a-f96f-a53403857690},Generic Bus,,machine.inf_amd64_72ab89a5cc3218be,,06-21-2006,10.0.19041.3636,acpi,"acpi\ven_pnp&dev_0a05,acpi\pnp0a05,*pnp0a05",machine.inf,0,(Standard system devices),*pnp0a05,Generic Bus,acpi\pnp0a05\11,0,Microsoft,,\driver\acpi
acpi/pnp0a05/24,2025-07-09 15:34:28,,system,{4d36e97d-e325-11ce-bfc1-08002be10318},,{27db0821-3bf9-f71a-f96f-a53403857690},Generic Bus,,machine.inf_amd64_72ab89a5cc3218be,,06-21-2006,10.0.19041.3636,acpi,"acpi\ven_pnp&dev_0a05,acpi\pnp0a05,*pnp0a05",machine.inf,0,(Standard system devices),*pnp0a05,Generic Bus,acpi\pnp0a05\11,0,Microsoft,,\driver\acpi
acpi/pnp0a05/25,2025-07-09 15:34:28,,system,{4d36e97d-e325-11ce-bfc1-08002be10318},,{27db0821-3bf9-f71a-f96f-a53403857690},Generic Bus,,machine.inf_amd64_72ab89a5cc3218be,,06-21-2006,10.0.19041.3636,acpi,"acpi\ven_pnp&dev_0a05,acpi\pnp0a05,*pnp0a05",machine.inf,0,(Standard system devices),*pnp0a05,Generic Bus,acpi\pnp0a05\11,0,Microsoft,,\driver\acpi
acpi/pnp0a05/26,2025-07-09 15:34:28,,system,{4d36e97d-e325-11ce-bfc1-08002be10318},,{27db0821-3bf9-f71a-f96f-a53403857690},Generic Bus,,machine.inf_amd64_72ab89a5cc3218be,,06-21-2006,10.0.19041.3636,acpi,"acpi\ven_pnp&dev_0a05,acpi\pnp0a05,*pnp0a05",machine.inf,0,(Standard system devices),*pnp0a05,Generic Bus,acpi\pnp0a05\11,0,Microsoft,,\driver\acpi
acpi/pnp0a05/27,2025-07-09 15:34:28,,system,{4d36e97d-e325-11ce-bfc1-08002be10318},,{27db0821-3bf9-f71a-f96f-a53403857690},Generic Bus,,machine.inf_amd64_72ab89a5cc3218be,,06-21-2006,10.0.19041.3636,acpi,"acpi\ven_pnp&dev_0a05,acpi\pnp0a05,*pnp0a05",machine.inf,0,(Standard system devices),*pnp0a05,Generic Bus,acpi\pnp0a05\11,0,Microsoft,,\driver\acpi
acpi/pnp0a05/28,2025-07-09 15:34:28,,system,{4d36e97d-e325-11ce-bfc1-08002be10318},,{27db0821-3bf9-f71a-f96f-a53403857690},Generic Bus,,machine.inf_amd64_72ab89a5cc3218be,,06-21-2006,10.0.19041.3636,acpi,"acpi\ven_pnp&dev_0a05,acpi\pnp0a05,*pnp0a05",machine.inf,0,(Standard system devices),*pnp0a05,Generic Bus,acpi\pnp0a05\12,0,Microsoft,,\driver\acpi
acpi/pnp0a05/29,2025-07-09 15:34:28,,system,{4d36e97d-e325-11ce-bfc1-08002be10318},,{27db0821-3bf9-f71a-f96f-a53403857690},Generic Bus,,machine.inf_amd64_72ab89a5cc3218be,,06-21-2006,10.0.19041.3636,acpi,"acpi\ven_pnp&dev_0a05,acpi\pnp0a05,*pnp0a05",machine.inf,0,(Standard system devices),*pnp0a05,Generic Bus,acpi\pnp0a05\12,0,Microsoft,,\driver\acpi
acpi/pnp0a05/2a,2025-07-09 15:34:28,,system,{4d36e97d-e325-11ce-bfc1-08002be10318},,{27db0821-3bf9-f71a-f96f-a53403857690},Generic Bus,,machine.inf_amd64_72ab89a5cc3218be,,06-21-2006,10.0.19041.3636,acpi,"acpi\ven_pnp&dev_0a05,acpi\pnp0a05,*pnp0a05",machine.inf,0,(Standard system devices),*pnp0a05,Generic Bus,acpi\pnp0a05\12,0,Microsoft,,\driver\acpi
acpi/pnp0a05/2b,2025-07-09 15:34:28,,system,{4d36e97d-e325-11ce-bfc1-08002be10318},,{27db0821-3bf9-f71a-f96f-a53403857690},Generic Bus,,machine.inf_amd64_72ab89a5cc3218be,,06-21-2006,10.0.19041.3636,acpi,"acpi\ven_pnp&dev_0a05,acpi\pnp0a05,*pnp0a05",machine.inf,0,(Standard system devices),*pnp0a05,Generic Bus,acpi\pnp0a05\12,0,Microsoft,,\driver\acpi
acpi/pnp0a05/2c,2025-07-09 15:34:28,,system,{4d36e97d-e325-11ce-bfc1-08002be10318},,{27db0821-3bf9-f71a-f96f-a53403857690},Generic Bus,,machine.inf_amd64_72ab89a5cc3218be,,06-21-2006,10.0.19041.3636,acpi,"acpi\ven_pnp&dev_0a05,acpi\pnp0a05,*pnp0a05",machine.inf,0,(Standard system devices),*pnp0a05,Generic Bus,acpi\pnp0a05\12,0,Microsoft,,\driver\acpi
acpi/pnp0a05/2d,2025-07-09 15:34:28,,system,{4d36e97d-e325-11ce-bfc1-08002be10318},,{27db0821-3bf9-f71a-f96f-a53403857690},Generic Bus,,machine.inf_amd64_72ab89a5cc3218be,,06-21-2006,10.0.19041.3636,acpi,"acpi\ven_pnp&dev_0a05,acpi\pnp0a05,*pnp0a05",machine.inf,0,(Standard system devices),*pnp0a05,Generic Bus,acpi\pnp0a05\12,0,Microsoft,,\driver\acpi
acpi/pnp0a05/2e,2025-07-09 15:34:28,,system,{4d36e97d-e325-11ce-bfc1-08002be10318},,{27db0821-3bf9-f71a-f96f-a53403857690},Generic Bus,,machine.inf_amd64_72ab89a5cc3218be,,06-21-2006,10.0.19041.3636,acpi,"acpi\ven_pnp&dev_0a05,acpi\pnp0a05,*pnp0a05",machine.inf,0,(Standard system devices),*pnp0a05,Generic Bus,acpi\pnp0a05\12,0,Microsoft,,\driver\acpi
acpi/pnp0a05/2f,2025-07-09 15:34:29,,system,{4d36e97d-e325-11ce-bfc1-08002be10318},,{27db0821-3bf9-f71a-f96f-a53403857690},Generic Bus,,machine.inf_amd64_72ab89a5cc3218be,,06-21-2006,10.0.19041.3636,acpi,"acpi\ven_pnp&dev_0a05,acpi\pnp0a05,*pnp0a05",machine.inf,0,(Standard system devices),*pnp0a05,Generic Bus,acpi\pnp0a05\12,0,Microsoft,,\driver\acpi
acpi/pnp0a05/30,2025-07-09 15:34:29,,system,{4d36e97d-e325-11ce-bfc1-08002be10318},,{27db0821-3bf9-f71a-f96f-a53403857690},Generic Bus,,machine.inf_amd64_72ab89a5cc3218be,,06-21-2006,10.0.19041.3636,acpi,"acpi\ven_pnp&dev_0a05,acpi\pnp0a05,*pnp0a05",machine.inf,0,(Standard system devices),*pnp0a05,Generic Bus,acpi\pnp0a05\13,0,Microsoft,,\driver\acpi
acpi/pnp0a05/31,2025-07-09 15:34:29,,system,{4d36e97d-e325-11ce-bfc1-08002be10318},,{27db0821-3bf9-f71a-f96f-a53403857690},Generic Bus,,machine.inf_amd64_72ab89a5cc3218be,,06-21-2006,10.0.19041.3636,acpi,"acpi\ven_pnp&dev_0a05,acpi\pnp0a05,*pnp0a05",machine.inf,0,(Standard system devices),*pnp0a05,Generic Bus,acpi\pnp0a05\13,0,Microsoft,,\driver\acpi
acpi/pnp0a05/32,2025-07-09 15:34:29,,system,{4d36e97d-e325-11ce-bfc1-08002be10318},,{27db0821-3bf9-f71a-f96f-a53403857690},Generic Bus,,machine.inf_amd64_72ab89a5cc3218be,,06-21-2006,10.0.19041.3636,acpi,"acpi\ven_pnp&dev_0a05,acpi\pnp0a05,*pnp0a05",machine.inf,0,(Standard system devices),*pnp0a05,Generic Bus,acpi\pnp0a05\13,0,Microsoft,,\driver\acpi
acpi/pnp0a05/33,2025-07-09 15:34:29,,system,{4d36e97d-e325-11ce-bfc1-08002be10318},,{27db0821-3bf9-f71a-f96f-a53403857690},Generic Bus,,machine.inf_amd64_72ab89a5cc3218be,,06-21-2006,10.0.19041.3636,acpi,"acpi\ven_pnp&dev_0a05,acpi\pnp0a05,*pnp0a05",machine.inf,0,(Standard system devices),*pnp0a05,Generic Bus,acpi\pnp0a05\13,0,Microsoft,,\driver\acpi
acpi/pnp0a05/34,2025-07-09 15:34:29,,system,{4d36e97d-e325-11ce-bfc1-08002be10318},,{27db0821-3bf9-f71a-f96f-a53403857690},Generic Bus,,machine.inf_amd64_72ab89a5cc3218be,,06-21-2006,10.0.19041.3636,acpi,"acpi\ven_pnp&dev_0a05,acpi\pnp0a05,*pnp0a05",machine.inf,0,(Standard system devices),*pnp0a05,Generic Bus,acpi\pnp0a05\13,0,Microsoft,,\driver\acpi
acpi/pnp0a05/35,2025-07-09 15:34:29,,system,{4d36e97d-e325-11ce-bfc1-08002be10318},,{27db0821-3bf9-f71a-f96f-a53403857690},Generic Bus,,machine.inf_amd64_72ab89a5cc3218be,,06-21-2006,10.0.19041.3636,acpi,"acpi\ven_pnp&dev_0a05,acpi\pnp0a05,*pnp0a05",machine.inf,0,(Standard system devices),*pnp0a05,Generic Bus,acpi\pnp0a05\13,0,Microsoft,,\driver\acpi
acpi/pnp0a05/36,2025-07-09 15:34:29,,system,{4d36e97d-e325-11ce-bfc1-08002be10318},,{27db0821-3bf9-f71a-f96f-a53403857690},Generic Bus,,machine.inf_amd64_72ab89a5cc3218be,,06-21-2006,10.0.19041.3636,acpi,"acpi\ven_pnp&dev_0a05,acpi\pnp0a05,*pnp0a05",machine.inf,0,(Standard system devices),*pnp0a05,Generic Bus,acpi\pnp0a05\13,0,Microsoft,,\driver\acpi
acpi/pnp0a05/37,2025-07-09 15:34:29,,system,{4d36e97d-e325-11ce-bfc1-08002be10318},,{27db0821-3bf9-f71a-f96f-a53403857690},Generic Bus,,machine.inf_amd64_72ab89a5cc3218be,,06-21-2006,10.0.19041.3636,acpi,"acpi\ven_pnp&dev_0a05,acpi\pnp0a05,*pnp0a05",machine.inf,0,(Standard system devices),*pnp0a05,Generic Bus,acpi\pnp0a05\13,0,Microsoft,,\driver\acpi
acpi/pnp0a05/38,2025-07-09 15:34:29,,system,{4d36e97d-e325-11ce-bfc1-08002be10318},,{27db0821-3bf9-f71a-f96f-a53403857690},Generic Bus,,machine.inf_amd64_72ab89a5cc3218be,,06-21-2006,10.0.19041.3636,acpi,"acpi\ven_pnp&dev_0a05,acpi\pnp0a05,*pnp0a05",machine.inf,0,(Standard system devices),*pnp0a05,Generic Bus,acpi\pnp0a05\14,0,Microsoft,,\driver\acpi
acpi/pnp0a05/39,2025-07-09 15:34:29,,system,{4d36e97d-e325-11ce-bfc1-08002be10318},,{27db0821-3bf9-f71a-f96f-a53403857690},Generic Bus,,machine.inf_amd64_72ab89a5cc3218be,,06-21-2006,10.0.19041.3636,acpi,"acpi\ven_pnp&dev_0a05,acpi\pnp0a05,*pnp0a05",machine.inf,0,(Standard system devices),*pnp0a05,Generic Bus,acpi\pnp0a05\14,0,Microsoft,,\driver\acpi
acpi/pnp0a05/3a,2025-07-09 15:34:29,,system,{4d36e97d-e325-11ce-bfc1-08002be10318},,{27db0821-3bf9-f71a-f96f-a53403857690},Generic Bus,,machine.inf_amd64_72ab89a5cc3218be,,06-21-2006,10.0.19041.3636,acpi,"acpi\ven_pnp&dev_0a05,acpi\pnp0a05,*pnp0a05",machine.inf,0,(Standard system devices),*pnp0a05,Generic Bus,acpi\pnp0a05\14,0,Microsoft,,\driver\acpi
acpi/pnp0a05/3b,2025-07-09 15:34:29,,system,{4d36e97d-e325-11ce-bfc1-08002be10318},,{27db0821-3bf9-f71a-f96f-a53403857690},Generic Bus,,machine.inf_amd64_72ab89a5cc3218be,,06-21-2006,10.0.19041.3636,acpi,"acpi\ven_pnp&dev_0a05,acpi\pnp0a05,*pnp0a05",machine.inf,0,(Standard system devices),*pnp0a05,Generic Bus,acpi\pnp0a05\14,0,Microsoft,,\driver\acpi
acpi/pnp0a05/3c,2025-07-09 15:34:29,,system,{4d36e97d-e325-11ce-bfc1-08002be10318},,{27db0821-3bf9-f71a-f96f-a53403857690},Generic Bus,,machine.inf_amd64_72ab89a5cc3218be,,06-21-2006,10.0.19041.3636,acpi,"acpi\ven_pnp&dev_0a05,acpi\pnp0a05,*pnp0a05",machine.inf,0,(Standard system devices),*pnp0a05,Generic Bus,acpi\pnp0a05\14,0,Microsoft,,\driver\acpi
acpi/pnp0a05/3d,2025-07-09 15:34:29,,system,{4d36e97d-e325-11ce-bfc1-08002be10318},,{27db0821-3bf9-f71a-f96f-a53403857690},Generic Bus,,machine.inf_amd64_72ab89a5cc3218be,,06-21-2006,10.0.19041.3636,acpi,"acpi\ven_pnp&dev_0a05,acpi\pnp0a05,*pnp0a05",machine.inf,0,(Standard system devices),*pnp0a05,Generic Bus,acpi\pnp0a05\14,0,Microsoft,,\driver\acpi
acpi/pnp0a05/3e,2025-07-09 15:34:29,,system,{4d36e97d-e325-11ce-bfc1-08002be10318},,{27db0821-3bf9-f71a-f96f-a53403857690},Generic Bus,,machine.inf_amd64_72ab89a5cc3218be,,06-21-2006,10.0.19041.3636,acpi,"acpi\ven_pnp&dev_0a05,acpi\pnp0a05,*pnp0a05",machine.inf,0,(Standard system devices),*pnp0a05,Generic Bus,acpi\pnp0a05\14,0,Microsoft,,\driver\acpi
acpi/pnp0a05/3f,2025-07-09 15:34:29,,system,{4d36e97d-e325-11ce-bfc1-08002be10318},,{27db0821-3bf9-f71a-f96f-a53403857690},Generic Bus,,machine.inf_amd64_72ab89a5cc3218be,,06-21-2006,10.0.19041.3636,acpi,"acpi\ven_pnp&dev_0a05,acpi\pnp0a05,*pnp0a05",machine.inf,0,(Standard system devices),*pnp0a05,Generic Bus,acpi\pnp0a05\14,0,Microsoft,,\driver\acpi
acpi/pnp0a05/4&1bd7f811&0,2025-07-09 15:34:58,,system,{4d36e97d-e325-11ce-bfc1-08002be10318},,{27db0821-3bf9-f71a-f96f-a53403857690},Generic Bus,,machine.inf_amd64_72ab89a5cc3218be,,06-21-2006,10.0.19041.3636,acpi,"acpi\ven_pnp&dev_0a05,acpi\pnp0a05,*pnp0a05",machine.inf,0,(Standard system devices),*pnp0a05,Generic Bus,pci\ven_8086&dev_7110&subsys_197615ad&rev_08\3&61aaa01&0&38,0,Microsoft,,\driver\acpi
acpi/pnp0a05/40,2025-07-09 15:34:29,,system,{4d36e97d-e325-11ce-bfc1-08002be10318},,{27db0821-3bf9-f71a-f96f-a53403857690},Generic Bus,,machine.inf_amd64_72ab89a5cc3218be,,06-21-2006,10.0.19041.3636,acpi,"acpi\ven_pnp&dev_0a05,acpi\pnp0a05,*pnp0a05",machine.inf,0,(Standard system devices),*pnp0a05,Generic Bus,acpi\pnp0a05\15,0,Microsoft,,\driver\acpi
acpi/pnp0a05/41,2025-07-09 15:34:29,,system,{4d36e97d-e325-11ce-bfc1-08002be10318},,{27db0821-3bf9-f71a-f96f-a53403857690},Generic Bus,,machine.inf_amd64_72ab89a5cc3218be,,06-21-2006,10.0.19041.3636,acpi,"acpi\ven_pnp&dev_0a05,acpi\pnp0a05,*pnp0a05",machine.inf,0,(Standard system devices),*pnp0a05,Generic Bus,acpi\pnp0a05\15,0,Microsoft,,\driver\acpi
acpi/pnp0a05/42,2025-07-09 15:34:29,,system,{4d36e97d-e325-11ce-bfc1-08002be10318},,{27db0821-3bf9-f71a-f96f-a53403857690},Generic Bus,,machine.inf_amd64_72ab89a5cc3218be,,06-21-2006,10.0.19041.3636,acpi,"acpi\ven_pnp&dev_0a05,acpi\pnp0a05,*pnp0a05",machine.inf,0,(Standard system devices),*pnp0a05,Generic Bus,acpi\pnp0a05\15,0,Microsoft,,\driver\acpi
acpi/pnp0a05/43,2025-07-09 15:34:29,,system,{4d36e97d-e325-11ce-bfc1-08002be10318},,{27db0821-3bf9-f71a-f96f-a53403857690},Generic Bus,,machine.inf_amd64_72ab89a5cc3218be,,06-21-2006,10.0.19041.3636,acpi,"acpi\ven_pnp&dev_0a05,acpi\pnp0a05,*pnp0a05",machine.inf,0,(Standard system devices),*pnp0a05,Generic Bus,acpi\pnp0a05\15,0,Microsoft,,\driver\acpi
acpi/pnp0a05/44,2025-07-09 15:34:29,,system,{4d36e97d-e325-11ce-bfc1-08002be10318},,{27db0821-3bf9-f71a-f96f-a53403857690},Generic Bus,,machine.inf_amd64_72ab89a5cc3218be,,06-21-2006,10.0.19041.3636,acpi,"acpi\ven_pnp&dev_0a05,acpi\pnp0a05,*pnp0a05",machine.inf,0,(Standard system devices),*pnp0a05,Generic Bus,acpi\pnp0a05\15,0,Microsoft,,\driver\acpi
acpi/pnp0a05/45,2025-07-09 15:34:29,,system,{4d36e97d-e325-11ce-bfc1-08002be10318},,{27db0821-3bf9-f71a-f96f-a53403857690},Generic Bus,,machine.inf_amd64_72ab89a5cc3218be,,06-21-2006,10.0.19041.3636,acpi,"acpi\ven_pnp&dev_0a05,acpi\pnp0a05,*pnp0a05",machine.inf,0,(Standard system devices),*pnp0a05,Generic Bus,acpi\pnp0a05\15,0,Microsoft,,\driver\acpi
acpi/pnp0a05/46,2025-07-09 15:34:29,,system,{4d36e97d-e325-11ce-bfc1-08002be10318},,{27db0821-3bf9-f71a-f96f-a53403857690},Generic Bus,,machine.inf_amd64_72ab89a5cc3218be,,06-21-2006,10.0.19041.3636,acpi,"acpi\ven_pnp&dev_0a05,acpi\pnp0a05,*pnp0a05",machine.inf,0,(Standard system devices),*pnp0a05,Generic Bus,acpi\pnp0a05\15,0,Microsoft,,\driver\acpi
acpi/pnp0a05/47,2025-07-09 15:34:29,,system,{4d36e97d-e325-11ce-bfc1-08002be10318},,{27db0821-3bf9-f71a-f96f-a53403857690},Generic Bus,,machine.inf_amd64_72ab89a5cc3218be,,06-21-2006,10.0.19041.3636,acpi,"acpi\ven_pnp&dev_0a05,acpi\pnp0a05,*pnp0a05",machine.inf,0,(Standard system devices),*pnp0a05,Generic Bus,acpi\pnp0a05\15,0,Microsoft,,\driver\acpi
acpi/pnp0a05/48,2025-07-09 15:34:29,,system,{4d36e97d-e325-11ce-bfc1-08002be10318},,{27db0821-3bf9-f71a-f96f-a53403857690},Generic Bus,,machine.inf_amd64_72ab89a5cc3218be,,06-21-2006,10.0.19041.3636,acpi,"acpi\ven_pnp&dev_0a05,acpi\pnp0a05,*pnp0a05",machine.inf,0,(Standard system devices),*pnp0a05,Generic Bus,acpi\pnp0a05\16,0,Microsoft,,\driver\acpi
acpi/pnp0a05/49,2025-07-09 15:34:29,,system,{4d36e97d-e325-11ce-bfc1-08002be10318},,{27db0821-3bf9-f71a-f96f-a53403857690},Generic Bus,,machine.inf_amd64_72ab89a5cc3218be,,06-21-2006,10.0.19041.3636,acpi,"acpi\ven_pnp&dev_0a05,acpi\pnp0a05,*pnp0a05",machine.inf,0,(Standard system devices),*pnp0a05,Generic Bus,acpi\pnp0a05\16,0,Microsoft,,\driver\acpi
acpi/pnp0a05/4a,2025-07-09 15:34:29,,system,{4d36e97d-e325-11ce-bfc1-08002be10318},,{27db0821-3bf9-f71a-f96f-a53403857690},Generic Bus,,machine.inf_amd64_72ab89a5cc3218be,,06-21-2006,10.0.19041.3636,acpi,"acpi\ven_pnp&dev_0a05,acpi\pnp0a05,*pnp0a05",machine.inf,0,(Standard system devices),*pnp0a05,Generic Bus,acpi\pnp0a05\16,0,Microsoft,,\driver\acpi
acpi/pnp0a05/4b,2025-07-09 15:34:29,,system,{4d36e97d-e325-11ce-bfc1-08002be10318},,{27db0821-3bf9-f71a-f96f-a53403857690},Generic Bus,,machine.inf_amd64_72ab89a5cc3218be,,06-21-2006,10.0.19041.3636,acpi,"acpi\ven_pnp&dev_0a05,acpi\pnp0a05,*pnp0a05",machine.inf,0,(Standard system devices),*pnp0a05,Generic Bus,acpi\pnp0a05\16,0,Microsoft,,\driver\acpi
acpi/pnp0a05/4c,2025-07-09 15:34:29,,system,{4d36e97d-e325-11ce-bfc1-08002be10318},,{27db0821-3bf9-f71a-f96f-a53403857690},Generic Bus,,machine.inf_amd64_72ab89a5cc3218be,,06-21-2006,10.0.19041.3636,acpi,"acpi\ven_pnp&dev_0a05,acpi\pnp0a05,*pnp0a05",machine.inf,0,(Standard system devices),*pnp0a05,Generic Bus,acpi\pnp0a05\16,0,Microsoft,,\driver\acpi
acpi/pnp0a05/4d,2025-07-09 15:34:29,,system,{4d36e97d-e325-11ce-bfc1-08002be10318},,{27db0821-3bf9-f71a-f96f-a53403857690},Generic Bus,,machine.inf_amd64_72ab89a5cc3218be,,06-21-2006,10.0.19041.3636,acpi,"acpi\ven_pnp&dev_0a05,acpi\pnp0a05,*pnp0a05",machine.inf,0,(Standard system devices),*pnp0a05,Generic Bus,acpi\pnp0a05\16,0,Microsoft,,\driver\acpi
acpi/pnp0a05/4e,2025-07-09 15:34:29,,system,{4d36e97d-e325-11ce-bfc1-08002be10318},,{27db0821-3bf9-f71a-f96f-a53403857690},Generic Bus,,machine.inf_amd64_72ab89a5cc3218be,,06-21-2006,10.0.19041.3636,acpi,"acpi\ven_pnp&dev_0a05,acpi\pnp0a05,*pnp0a05",machine.inf,0,(Standard system devices),*pnp0a05,Generic Bus,acpi\pnp0a05\16,0,Microsoft,,\driver\acpi
acpi/pnp0a05/4f,2025-07-09 15:34:29,,system,{4d36e97d-e325-11ce-bfc1-08002be10318},,{27db0821-3bf9-f71a-f96f-a53403857690},Generic Bus,,machine.inf_amd64_72ab89a5cc3218be,,06-21-2006,10.0.19041.3636,acpi,"acpi\ven_pnp&dev_0a05,acpi\pnp0a05,*pnp0a05",machine.inf,0,(Standard system devices),*pnp0a05,Generic Bus,acpi\pnp0a05\16,0,Microsoft,,\driver\acpi
acpi/pnp0a05/50,2025-07-09 15:34:29,,system,{4d36e97d-e325-11ce-bfc1-08002be10318},,{27db0821-3bf9-f71a-f96f-a53403857690},Generic Bus,,machine.inf_amd64_72ab89a5cc3218be,,06-21-2006,10.0.19041.3636,acpi,"acpi\ven_pnp&dev_0a05,acpi\pnp0a05,*pnp0a05",machine.inf,0,(Standard system devices),*pnp0a05,Generic Bus,acpi\pnp0a05\17,0,Microsoft,,\driver\acpi
acpi/pnp0a05/51,2025-07-09 15:34:29,,system,{4d36e97d-e325-11ce-bfc1-08002be10318},,{27db0821-3bf9-f71a-f96f-a53403857690},Generic Bus,,machine.inf_amd64_72ab89a5cc3218be,,06-21-2006,10.0.19041.3636,acpi,"acpi\ven_pnp&dev_0a05,acpi\pnp0a05,*pnp0a05",machine.inf,0,(Standard system devices),*pnp0a05,Generic Bus,acpi\pnp0a05\17,0,Microsoft,,\driver\acpi
acpi/pnp0a05/52,2025-07-09 15:34:29,,system,{4d36e97d-e325-11ce-bfc1-08002be10318},,{27db0821-3bf9-f71a-f96f-a53403857690},Generic Bus,,machine.inf_amd64_72ab89a5cc3218be,,06-21-2006,10.0.19041.3636,acpi,"acpi\ven_pnp&dev_0a05,acpi\pnp0a05,*pnp0a05",machine.inf,0,(Standard system devices),*pnp0a05,Generic Bus,acpi\pnp0a05\17,0,Microsoft,,\driver\acpi
acpi/pnp0a05/53,2025-07-09 15:34:29,,system,{4d36e97d-e325-11ce-bfc1-08002be10318},,{27db0821-3bf9-f71a-f96f-a53403857690},Generic Bus,,machine.inf_amd64_72ab89a5cc3218be,,06-21-2006,10.0.19041.3636,acpi,"acpi\ven_pnp&dev_0a05,acpi\pnp0a05,*pnp0a05",machine.inf,0,(Standard system devices),*pnp0a05,Generic Bus,acpi\pnp0a05\17,0,Microsoft,,\driver\acpi
acpi/pnp0a05/54,2025-07-09 15:34:29,,system,{4d36e97d-e325-11ce-bfc1-08002be10318},,{27db0821-3bf9-f71a-f96f-a53403857690},Generic Bus,,machine.inf_amd64_72ab89a5cc3218be,,06-21-2006,10.0.19041.3636,acpi,"acpi\ven_pnp&dev_0a05,acpi\pnp0a05,*pnp0a05",machine.inf,0,(Standard system devices),*pnp0a05,Generic Bus,acpi\pnp0a05\17,0,Microsoft,,\driver\acpi
acpi/pnp0a05/55,2025-07-09 15:34:29,,system,{4d36e97d-e325-11ce-bfc1-08002be10318},,{27db0821-3bf9-f71a-f96f-a53403857690},Generic Bus,,machine.inf_amd64_72ab89a5cc3218be,,06-21-2006,10.0.19041.3636,acpi,"acpi\ven_pnp&dev_0a05,acpi\pnp0a05,*pnp0a05",machine.inf,0,(Standard system devices),*pnp0a05,Generic Bus,acpi\pnp0a05\17,0,Microsoft,,\driver\acpi
acpi/pnp0a05/56,2025-07-09 15:34:29,,system,{4d36e97d-e325-11ce-bfc1-08002be10318},,{27db0821-3bf9-f71a-f96f-a53403857690},Generic Bus,,machine.inf_amd64_72ab89a5cc3218be,,06-21-2006,10.0.19041.3636,acpi,"acpi\ven_pnp&dev_0a05,acpi\pnp0a05,*pnp0a05",machine.inf,0,(Standard system devices),*pnp0a05,Generic Bus,acpi\pnp0a05\17,0,Microsoft,,\driver\acpi
acpi/pnp0a05/57,2025-07-09 15:34:29,,system,{4d36e97d-e325-11ce-bfc1-08002be10318},,{27db0821-3bf9-f71a-f96f-a53403857690},Generic Bus,,machine.inf_amd64_72ab89a5cc3218be,,06-21-2006,10.0.19041.3636,acpi,"acpi\ven_pnp&dev_0a05,acpi\pnp0a05,*pnp0a05",machine.inf,0,(Standard system devices),*pnp0a05,Generic Bus,acpi\pnp0a05\17,0,Microsoft,,\driver\acpi
acpi/pnp0b00/4&1bd7f811&0,2025-07-09 15:34:50,,system,{4d36e97d-e325-11ce-bfc1-08002be10318},,{27db0821-3bf9-f71a-f96f-a53403857690},System CMOS/real time clock,,machine.inf_amd64_72ab89a5cc3218be,,06-21-2006,10.0.19041.3636,acpi,"acpi\ven_pnp&dev_0b00,acpi\pnp0b00,*pnp0b00",machine.inf,0,(Standard system devices),*pnp0b00,System CMOS/real time clock,pci\ven_8086&dev_7110&subsys_197615ad&rev_08\3&61aaa01&0&38,0,Microsoft,,\driver\acpi
acpi/pnp0c02/1f,2025-07-09 15:34:57,,system,{4d36e97d-e325-11ce-bfc1-08002be10318},,{27db0821-3bf9-f71a-f96f-a53403857690},Motherboard resources,,machine.inf_amd64_72ab89a5cc3218be,,06-21-2006,10.0.19041.3636,acpi,"acpi\ven_pnp&dev_0c02,acpi\pnp0c02,*pnp0c02",machine.inf,0,(Standard system devices),*pnp0c02,Motherboard resources,pci\ven_8086&dev_7110&subsys_197615ad&rev_08\3&61aaa01&0&38,0,Microsoft,,\driver\acpi
acpi/pnp0c02/4,2025-07-09 15:34:25,,system,{4d36e97d-e325-11ce-bfc1-08002be10318},,{27db0821-3bf9-f71a-f96f-a53403857690},Motherboard resources,,machine.inf_amd64_72ab89a5cc3218be,,06-21-2006,10.0.19041.3636,acpi,"acpi\ven_pnp&dev_0c02,acpi\pnp0c02,*pnp0c02",machine.inf,0,(Standard system devices),*pnp0c02,Motherboard resources,acpi\pnp0a03\2&daba3ff&0,0,Microsoft,,\driver\acpi
acpi/pnp0c02/6,2025-07-09 15:34:25,,system,{4d36e97d-e325-11ce-bfc1-08002be10318},,{27db0821-3bf9-f71a-f96f-a53403857690},Motherboard resources,,machine.inf_amd64_72ab89a5cc3218be,,06-21-2006,10.0.19041.3636,acpi,"acpi\ven_pnp&dev_0c02,acpi\pnp0c02,*pnp0c02",machine.inf,0,(Standard system devices),*pnp0c02,Motherboard resources,acpi\pnp0a03\2&daba3ff&0,0,Microsoft,,\driver\acpi
acpi/vmw0001/7,2025-07-09 15:34:34,,system,{4d36e97d-e325-11ce-bfc1-08002be10318},"acpi\vm_gen_counter,vm_gen_counter,*pnp0c02",{27db0821-3bf9-f71a-f96f-a53403857690},Microsoft Hyper-V Generation Counter,00008f40f0f1cff3d2b48cd4e16183242ca9156e05b2,wgencounter.inf_amd64_f496147578cad554,vmgencounter.sys,06-21-2006,10.0.19041.1,acpi,"acpi\ven_vmw&dev_0001,acpi\vmw0001,*vmw0001",wgencounter.inf,0,Microsoft,vm_gen_counter,Microsoft Hyper-V Generation Counter,acpi\pnp0a03\2&daba3ff&0,0,Microsoft,gencounter,"\driver\gencounter,\driver\acpi"
acpi/vmw0003/4&1bd7f811&0,2025-07-09 15:34:58,,mouse,{4d36e96f-e325-11ce-bfc1-08002be10318},*pnp0f13,{27db0821-3bf9-f71a-f96f-a53403857690},VMware Pointing Device,00005d81ba523d31016e8c793a7467a7c41a1f35b907,vmmouse.inf_amd64_4dc056a5c9628d49,i8042prt.sys,10-27-2021,12.5.12.0,acpi,"acpi\ven_vmw&dev_0003,acpi\vmw0003,*vmw0003",oem7.inf,0,"VMware, Inc.",*vmw0003,VMware Pointing Device,pci\ven_8086&dev_7110&subsys_197615ad&rev_08\3&61aaa01&0&38,0,"VMware, Inc.",i8042prt,"\driver\mouclass,\driver\vmmouse,\driver\i8042prt,\driver\acpi"
acpi_hal/pnp0c08/0,2025-07-09 15:34:57,,system,{4d36e97d-e325-11ce-bfc1-08002be10318},,{27db0821-3bf9-f71a-f96f-a53403857690},Microsoft ACPI-Compliant System,0000f7be6a0ee29990e736155e41cbf07285ae2d78f0,acpi.inf_amd64_97c3d1202d1bd78a,acpi.sys,06-21-2006,10.0.19041.5915,acpi_hal,"acpi_hal\pnp0c08,*pnp0c08",acpi.inf,0,Microsoft,*pnp0c08,Microsoft ACPI-Compliant System,root\acpi_hal\0000,0,Microsoft,acpi,"\driver\acpi,\driver\acpi_hal"
display/default_monitor/4&427137e&0&uid0,2025-07-09 15:35:01,Generic Monitor,monitor,{4d36e96e-e325-11ce-bfc1-08002be10318},*pnp09ff,{33f74aa6-3200-a595-2468-4bd61579632d},Generic Non-PnP Monitor,0000e2b0e9f3af1e79befc0bb1e4c57536f2ebf76e1a,monitor.inf_amd64_619fca89b0812a99,monitor.sys,06-21-2006,10.0.19041.5794,display,monitor\default_monitor,monitor.inf,0,(Standard monitor types),monitor\default_monitor,Generic Non-PnP Monitor,pci\ven_15ad&dev_0405&subsys_040515ad&rev_00\3&61aaa01&0&78,0,Microsoft,monitor,"\driver\monitor,\driver\vm3dmp_loader"
hdaudio/func_01&ven_15ad&dev_1975&subsys_15ad1975&rev_1001/5&217be3d6&0&0001,2025-07-09 15:34:54,Audio Device on High Definition Audio Bus,media,{4d36e96c-e325-11ce-bfc1-08002be10318},"hdaudio\func_01&ctlr_ven_15ad&ctlr_dev_1977&ven_15ad&dev_1975&rev_1001,hdaudio\func_01&ctlr_ven_15ad&ven_15ad&dev_1975&rev_1001,hdaudio\func_01&ven_15ad&dev_1975&rev_1001,hdaudio\func_01&ctlr_ven_15ad&ctlr_dev_1977&ven_15ad&dev_1975,hdaudio\func_01&ctlr_ven_15ad&ven_15ad&dev_1975,hdaudio\func_01&ven_15ad&dev_1975,hdaudio\func_01&ctlr_ven_15ad&ctlr_dev_1977&ven_15ad,hdaudio\func_01&ctlr_ven_15ad&ven_15ad,hdaudio\func_01&ven_15ad,hdaudio\func_01&ctlr_ven_15ad&ctlr_dev_1977,hdaudio\func_01&ctlr_ven_15ad,hdaudio\func_01&gf&ven_15ad&dev_1975&subsys_15ad1975&rev_1001,hdaudio\func_01",{27db0821-3bf9-f71a-f96f-a53403857690},High Definition Audio Device,00008f5f165306607c95d067d33324b22df6707b266d,hdaudio.inf_amd64_98fd5b0ddcb79b7d,hdaudio.sys,10-19-2023,10.0.19041.3636,hdaudio,"hdaudio\func_01&ven_15ad&dev_1975&subsys_15ad1975&rev_1001,hdaudio\func_01&ven_15ad&dev_1975&subsys_15ad1975",hdaudio.inf,0,Microsoft,hdaudio\func_01,High Definition Audio Device,pci\ven_15ad&dev_1977&subsys_197715ad&rev_09\4&bbf9765&0&0888,0,Microsoft,hdaudaddservice,"\driver\ksthunk,\driver\hdaudaddservice,\driver\hdaudbus"
hid/vid_0e0f&pid_0003&mi_00/8&217ccb29&0&0000,2025-07-09 15:34:58,,mouse,{4d36e96f-e325-11ce-bfc1-08002be10318},,{c19833f6-0197-c8b9-f4a2-5bde5fe2ea2e},VMware USB Pointing Device,0000820b79bbe91d3575d932d542f39d327f2badae37,vmusbmouse.inf_amd64_10216c6a1ee90ca6,mouhid.sys,10-27-2021,12.5.12.0,hid,"hid\vid_0e0f&pid_0003&rev_0102&mi_00,hid\vid_0e0f&pid_0003&mi_00,hid\vid_0e0f&up:0001_u:0002,hid_device_system_mouse,hid_device_up:0001_u:0002,hid_device",oem6.inf,0,"VMware, Inc.",hid\vid_0e0f&pid_0003&mi_00,VMware USB Pointing Device,usb\vid_0e0f&pid_0003&mi_00\7&bcbfcc2&0&0000,0,"VMware, Inc.",mouhid,"\driver\mouclass,\driver\vmusbmouse,\driver\mouhid,\driver\hidusb"
hid/vid_0e0f&pid_0003&mi_01/8&34ace767&0&0000,2025-07-09 15:34:59,,mouse,{4d36e96f-e325-11ce-bfc1-08002be10318},,{c19833f6-0197-c8b9-f4a2-5bde5fe2ea2e},VMware USB Pointing Device,0000820b79bbe91d3575d932d542f39d327f2badae37,,mouhid.sys,07-11-2019,12.5.10.0,hid,"hid\vid_0e0f&pid_0003&rev_0102&mi_01,hid\vid_0e0f&pid_0003&mi_01,hid\vid_0e0f&up:0001_u:0002,hid_device_system_mouse,hid_device_up:0001_u:0002,hid_device",oem6.---,0,"VMware, Inc.",hid\vid_0e0f&pid_0003&mi_01,VMware USB Pointing Device,usb\vid_0e0f&pid_0003&mi_01\7&bcbfcc2&0&0001,0,"VMware, Inc.",mouhid,"\driver\mouclass,\driver\vmusbmouse,\driver\mouhid,\driver\hidusb"
pci/ven_15ad&dev_0405&subsys_040515ad&rev_00/3&61aaa01&0&78,2025-07-09 15:34:58,Video Controller (VGA Compatible),display,{4d36e968-e325-11ce-bfc1-08002be10318},"pci\ven_15ad&dev_0405&rev_00,pci\ven_15ad&dev_0405,pci\ven_15ad&cc_030000,pci\ven_15ad&cc_0300,pci\ven_15ad,pci\cc_030000,pci\cc_0300",{27db0821-3bf9-f71a-f96f-a53403857690},VMware SVGA 3D,0000975e01652852a31658153bbf018e36d5f8c0ebfa,vm3d.inf_amd64_eba3f0b96d8538e4,vm3dmp_loader.sys,12-18-2024,9.17.9.4,pci,"pci\ven_15ad&dev_0405&subsys_040515ad&rev_00,pci\ven_15ad&dev_0405&subsys_040515ad,pci\ven_15ad&dev_0405&cc_030000,pci\ven_15ad&dev_0405&cc_0300",oem12.inf,0,Broadcom Inc.,pci\ven_15ad&dev_0405&subsys_040515ad&rev_00,VMware SVGA 3D,acpi\pnp0a03\2&daba3ff&0,0,Broadcom Inc.,vm3dmp_loader,"\driver\vm3dmp_loader,\driver\pci"
pci/ven_15ad&dev_0740&subsys_074015ad&rev_10/3&61aaa01&0&3f,2025-07-09 15:34:57,Base System Device,system,{4d36e97d-e325-11ce-bfc1-08002be10318},"pci\ven_15ad&dev_0740&rev_10,pci\ven_15ad&dev_0740,pci\ven_15ad&cc_088000,pci\ven_15ad&cc_0880,pci\ven_15ad,pci\cc_088000,pci\cc_0880",{27db0821-3bf9-f71a-f96f-a53403857690},VMware VMCI Bus Device,000019ff3e6b7b988e2a14018b9b8705be99172d6a1c,vmci.inf_amd64_faf39406c404b481,vmci.sys,03-17-2025,9.8.30.0,pci,"pci\ven_15ad&dev_0740&subsys_074015ad&rev_10,pci\ven_15ad&dev_0740&subsys_074015ad,pci\ven_15ad&dev_0740&cc_088000,pci\ven_15ad&dev_0740&cc_0880",oem8.inf,0,Broadcom Inc.,pci\ven_15ad&dev_0740&subsys_074015ad,VMware VMCI Bus Device,acpi\pnp0a03\2&daba3ff&0,0,Broadcom Inc.,vmci,"\driver\vmci,\driver\pci"
pci/ven_15ad&dev_0770&subsys_077015ad&rev_00/4&bbf9765&0&1088,2025-07-09 15:34:57,Universal Serial Bus (USB) Controller,usb,{36fc9e60-c465-11cf-8056-444553540000},"pci\ven_15ad&dev_0770&rev_00,pci\ven_15ad&dev_0770,pci\ven_15ad&cc_0c0320,pci\ven_15ad&cc_0c03,pci\ven_15ad,pci\cc_0c0320,pci\cc_0c03",{27db0821-3bf9-f71a-f96f-a53403857690},Standard Enhanced PCI to USB Host Controller,00008661a0e31855ee3f854c3ab260aa71927bf7c3e3,usbport.inf_amd64_230f9025c8623e5d,usbehci.sys,06-21-2006,10.0.19041.4474,pci,"pci\ven_15ad&dev_0770&subsys_077015ad&rev_00,pci\ven_15ad&dev_0770&subsys_077015ad,pci\ven_15ad&dev_0770&cc_0c0320,pci\ven_15ad&dev_0770&cc_0c03",usbport.inf,0,(Standard USB Host Controller),pci\cc_0c0320,Standard Enhanced PCI to USB Host Controller,pci\ven_15ad&dev_0790&subsys_079015ad&rev_02\3&61aaa01&0&88,0,Microsoft,usbehci,"\driver\usbehci,\driver\acpi,\driver\pci"
pci/ven_15ad&dev_0774&subsys_197615ad&rev_00/4&bbf9765&0&0088,2025-07-09 15:34:57,Universal Serial Bus (USB) Controller,usb,{36fc9e60-c465-11cf-8056-444553540000},"pci\ven_15ad&dev_0774&rev_00,pci\ven_15ad&dev_0774,pci\ven_15ad&cc_0c0300,pci\ven_15ad&cc_0c03,pci\ven_15ad,pci\cc_0c0300,pci\cc_0c03",{27db0821-3bf9-f71a-f96f-a53403857690},Standard Universal PCI to USB Host Controller,0000bea24d1aea7b762eddf447af42f5163e94edd0a6,usbport.inf_amd64_230f9025c8623e5d,usbuhci.sys,06-21-2006,10.0.19041.4474,pci,"pci\ven_15ad&dev_0774&subsys_197615ad&rev_00,pci\ven_15ad&dev_0774&subsys_197615ad,pci\ven_15ad&dev_0774&cc_0c0300,pci\ven_15ad&dev_0774&cc_0c03",usbport.inf,0,(Standard USB Host Controller),pci\cc_0c0300,Standard Universal PCI to USB Host Controller,pci\ven_15ad&dev_0790&subsys_079015ad&rev_02\3&61aaa01&0&88,0,Microsoft,usbuhci,"\driver\usbuhci,\driver\acpi,\driver\pci"
pci/ven_15ad&dev_077a&subsys_077a15ad&rev_00/4&1ee266c4&0&00b0,2025-07-09 15:35:12,Universal Serial Bus (USB) Controller,usb,{36fc9e60-c465-11cf-8056-444553540000},"pci\ven_15ad&dev_077a&rev_00,pci\ven_15ad&dev_077a,pci\ven_15ad&cc_0c0330,pci\ven_15ad&cc_0c03,pci\ven_15ad,pci\cc_0c0330&dt_0,pci\cc_0c0330,pci\cc_0c03&dt_0,pci\cc_0c03",{aaee4ced-2d0c-30ca-b87c-043845d18be9},Standard USB 3.20 eXtensible Host Controller - 1.20 (Microsoft),000024d831e0e3a8ede5b0991bd27477b9e444dd7f21,usbxhci.inf_amd64_5f916d3d8fd4e259,usbxhci.sys,04-07-2025,10.0.19041.5794,pci,"pci\ven_15ad&dev_077a&subsys_077a15ad&rev_00,pci\ven_15ad&dev_077a&subsys_077a15ad,pci\ven_15ad&dev_077a&cc_0c0330,pci\ven_15ad&dev_077a&cc_0c03",usbxhci.inf,0,Generic USB xHCI Host Controller,pci\cc_0c0330,USB xHCI Compliant Host Controller,pci\ven_15ad&dev_07a0&subsys_07a015ad&rev_01\3&61aaa01&0&b0,0,Microsoft,usbxhci,"\driver\usbxhci,\driver\acpi,\driver\pci"
pci/ven_15ad&dev_0790&subsys_079015ad&rev_02/3&61aaa01&0&88,2025-07-09 15:34:58,PCI to PCI Bridge,system,{4d36e97d-e325-11ce-bfc1-08002be10318},"pci\ven_15ad&dev_0790&rev_02,pci\ven_15ad&dev_0790,pci\ven_15ad&cc_060401,pci\ven_15ad&cc_0604,pci\ven_15ad,pci\cc_060401,pci\cc_0604",{27db0821-3bf9-f71a-f96f-a53403857690},PCI-to-PCI Bridge,0000cbded3faa6669679b496f5a798d543f2a711b3b8,pci.inf_amd64_fa7515b440352bbb,pci.sys,06-21-2006,10.0.19041.5607,pci,"pci\ven_15ad&dev_0790&subsys_079015ad&rev_02,pci\ven_15ad&dev_0790&subsys_079015ad,pci\ven_15ad&dev_0790&cc_060401,pci\ven_15ad&dev_0790&cc_0604",pci.inf,0,(Standard system devices),pci\cc_0604,PCI-to-PCI Bridge,acpi\pnp0a03\2&daba3ff&0,0,Microsoft,pci,"\driver\pci,\driver\acpi,\driver\pci"
pci/ven_15ad&dev_07a0&subsys_07a015ad&rev_01/3&61aaa01&0&a8,2025-07-09 15:34:50,PCI to PCI Bridge,system,{4d36e97d-e325-11ce-bfc1-08002be10318},"pci\ven_15ad&dev_07a0&rev_01,pci\ven_15ad&dev_07a0,pci\ven_15ad&cc_060400,pci\ven_15ad&cc_0604,pci\ven_15ad,pci\cc_060400&dt_4,pci\cc_060400,pci\cc_0604&dt_4,pci\cc_0604",{27db0821-3bf9-f71a-f96f-a53403857690},PCI Express Root Port,0000cbded3faa6669679b496f5a798d543f2a711b3b8,pci.inf_amd64_fa7515b440352bbb,pci.sys,06-21-2006,10.0.19041.5607,pci,"pci\ven_15ad&dev_07a0&subsys_07a015ad&rev_01,pci\ven_15ad&dev_07a0&subsys_07a015ad,pci\ven_15ad&dev_07a0&cc_060400,pci\ven_15ad&dev_07a0&cc_0604",pci.inf,0,(Standard system devices),pci\cc_0604&dt_4,PCI Express Root Port,acpi\pnp0a03\2&daba3ff&0,0,Microsoft,pci,"\driver\pci,\driver\acpi,\driver\pci"
pci/ven_15ad&dev_07a0&subsys_07a015ad&rev_01/3&61aaa01&0&a9,2025-07-09 15:34:50,PCI to PCI Bridge,system,{4d36e97d-e325-11ce-bfc1-08002be10318},"pci\ven_15ad&dev_07a0&rev_01,pci\ven_15ad&dev_07a0,pci\ven_15ad&cc_060400,pci\ven_15ad&cc_0604,pci\ven_15ad,pci\cc_060400&dt_4,pci\cc_060400,pci\cc_0604&dt_4,pci\cc_0604",{27db0821-3bf9-f71a-f96f-a53403857690},PCI Express Root Port,0000cbded3faa6669679b496f5a798d543f2a711b3b8,pci.inf_amd64_fa7515b440352bbb,pci.sys,06-21-2006,10.0.19041.5607,pci,"pci\ven_15ad&dev_07a0&subsys_07a015ad&rev_01,pci\ven_15ad&dev_07a0&subsys_07a015ad,pci\ven_15ad&dev_07a0&cc_060400,pci\ven_15ad&dev_07a0&cc_0604",pci.inf,0,(Standard system devices),pci\cc_0604&dt_4,PCI Express Root Port,acpi\pnp0a03\2&daba3ff&0,0,Microsoft,pci,"\driver\pci,\driver\acpi,\driver\pci"
pci/ven_15ad&dev_07a0&subsys_07a015ad&rev_01/3&61aaa01&0&aa,2025-07-09 15:34:50,PCI to PCI Bridge,system,{4d36e97d-e325-11ce-bfc1-08002be10318},"pci\ven_15ad&dev_07a0&rev_01,pci\ven_15ad&dev_07a0,pci\ven_15ad&cc_060400,pci\ven_15ad&cc_0604,pci\ven_15ad,pci\cc_060400&dt_4,pci\cc_060400,pci\cc_0604&dt_4,pci\cc_0604",{27db0821-3bf9-f71a-f96f-a53403857690},PCI Express Root Port,0000cbded3faa6669679b496f5a798d543f2a711b3b8,pci.inf_amd64_fa7515b440352bbb,pci.sys,06-21-2006,10.0.19041.5607,pci,"pci\ven_15ad&dev_07a0&subsys_07a015ad&rev_01,pci\ven_15ad&dev_07a0&subsys_07a015ad,pci\ven_15ad&dev_07a0&cc_060400,pci\ven_15ad&dev_07a0&cc_0604",pci.inf,0,(Standard system devices),pci\cc_0604&dt_4,PCI Express Root Port,acpi\pnp0a03\2&daba3ff&0,0,Microsoft,pci,"\driver\pci,\driver\acpi,\driver\pci"
pci/ven_15ad&dev_07a0&subsys_07a015ad&rev_01/3&61aaa01&0&ab,2025-07-09 15:34:50,PCI to PCI Bridge,system,{4d36e97d-e325-11ce-bfc1-08002be10318},"pci\ven_15ad&dev_07a0&rev_01,pci\ven_15ad&dev_07a0,pci\ven_15ad&cc_060400,pci\ven_15ad&cc_0604,pci\ven_15ad,pci\cc_060400&dt_4,pci\cc_060400,pci\cc_0604&dt_4,pci\cc_0604",{27db0821-3bf9-f71a-f96f-a53403857690},PCI Express Root Port,0000cbded3faa6669679b496f5a798d543f2a711b3b8,pci.inf_amd64_fa7515b440352bbb,pci.sys,06-21-2006,10.0.19041.5607,pci,"pci\ven_15ad&dev_07a0&subsys_07a015ad&rev_01,pci\ven_15ad&dev_07a0&subsys_07a015ad,pci\ven_15ad&dev_07a0&cc_060400,pci\ven_15ad&dev_07a0&cc_0604",pci.inf,0,(Standard system devices),pci\cc_0604&dt_4,PCI Express Root Port,acpi\pnp0a03\2&daba3ff&0,0,Microsoft,pci,"\driver\pci,\driver\acpi,\driver\pci"
pci/ven_15ad&dev_07a0&subsys_07a015ad&rev_01/3&61aaa01&0&ac,2025-07-09 15:34:50,PCI to PCI Bridge,system,{4d36e97d-e325-11ce-bfc1-08002be10318},"pci\ven_15ad&dev_07a0&rev_01,pci\ven_15ad&dev_07a0,pci\ven_15ad&cc_060400,pci\ven_15ad&cc_0604,pci\ven_15ad,pci\cc_060400&dt_4,pci\cc_060400,pci\cc_0604&dt_4,pci\cc_0604",{27db0821-3bf9-f71a-f96f-a53403857690},PCI Express Root Port,0000cbded3faa6669679b496f5a798d543f2a711b3b8,pci.inf_amd64_fa7515b440352bbb,pci.sys,06-21-2006,10.0.19041.5607,pci,"pci\ven_15ad&dev_07a0&subsys_07a015ad&rev_01,pci\ven_15ad&dev_07a0&subsys_07a015ad,pci\ven_15ad&dev_07a0&cc_060400,pci\ven_15ad&dev_07a0&cc_0604",pci.inf,0,(Standard system devices),pci\cc_0604&dt_4,PCI Express Root Port,acpi\pnp0a03\2&daba3ff&0,0,Microsoft,pci,"\driver\pci,\driver\acpi,\driver\pci"
pci/ven_15ad&dev_07a0&subsys_07a015ad&rev_01/3&61aaa01&0&ad,2025-07-09 15:34:50,PCI to PCI Bridge,system,{4d36e97d-e325-11ce-bfc1-08002be10318},"pci\ven_15ad&dev_07a0&rev_01,pci\ven_15ad&dev_07a0,pci\ven_15ad&cc_060400,pci\ven_15ad&cc_0604,pci\ven_15ad,pci\cc_060400&dt_4,pci\cc_060400,pci\cc_0604&dt_4,pci\cc_0604",{27db0821-3bf9-f71a-f96f-a53403857690},PCI Express Root Port,0000cbded3faa6669679b496f5a798d543f2a711b3b8,pci.inf_amd64_fa7515b440352bbb,pci.sys,06-21-2006,10.0.19041.5607,pci,"pci\ven_15ad&dev_07a0&subsys_07a015ad&rev_01,pci\ven_15ad&dev_07a0&subsys_07a015ad,pci\ven_15ad&dev_07a0&cc_060400,pci\ven_15ad&dev_07a0&cc_0604",pci.inf,0,(Standard system devices),pci\cc_0604&dt_4,PCI Express Root Port,acpi\pnp0a03\2&daba3ff&0,0,Microsoft,pci,"\driver\pci,\driver\acpi,\driver\pci"
pci/ven_15ad&dev_07a0&subsys_07a015ad&rev_01/3&61aaa01&0&ae,2025-07-09 15:34:50,PCI to PCI Bridge,system,{4d36e97d-e325-11ce-bfc1-08002be10318},"pci\ven_15ad&dev_07a0&rev_01,pci\ven_15ad&dev_07a0,pci\ven_15ad&cc_060400,pci\ven_15ad&cc_0604,pci\ven_15ad,pci\cc_060400&dt_4,pci\cc_060400,pci\cc_0604&dt_4,pci\cc_0604",{27db0821-3bf9-f71a-f96f-a53403857690},PCI Express Root Port,0000cbded3faa6669679b496f5a798d543f2a711b3b8,pci.inf_amd64_fa7515b440352bbb,pci.sys,06-21-2006,10.0.19041.5607,pci,"pci\ven_15ad&dev_07a0&subsys_07a015ad&rev_01,pci\ven_15ad&dev_07a0&subsys_07a015ad,pci\ven_15ad&dev_07a0&cc_060400,pci\ven_15ad&dev_07a0&cc_0604",pci.inf,0,(Standard system devices),pci\cc_0604&dt_4,PCI Express Root Port,acpi\pnp0a03\2&daba3ff&0,0,Microsoft,pci,"\driver\pci,\driver\acpi,\driver\pci"
pci/ven_15ad&dev_07a0&subsys_07a015ad&rev_01/3&61aaa01&0&af,2025-07-09 15:34:50,PCI to PCI Bridge,system,{4d36e97d-e325-11ce-bfc1-08002be10318},"pci\ven_15ad&dev_07a0&rev_01,pci\ven_15ad&dev_07a0,pci\ven_15ad&cc_060400,pci\ven_15ad&cc_0604,pci\ven_15ad,pci\cc_060400&dt_4,pci\cc_060400,pci\cc_0604&dt_4,pci\cc_0604",{27db0821-3bf9-f71a-f96f-a53403857690},PCI Express Root Port,0000cbded3faa6669679b496f5a798d543f2a711b3b8,pci.inf_amd64_fa7515b440352bbb,pci.sys,06-21-2006,10.0.19041.5607,pci,"pci\ven_15ad&dev_07a0&subsys_07a015ad&rev_01,pci\ven_15ad&dev_07a0&subsys_07a015ad,pci\ven_15ad&dev_07a0&cc_060400,pci\ven_15ad&dev_07a0&cc_0604",pci.inf,0,(Standard system devices),pci\cc_0604&dt_4,PCI Express Root Port,acpi\pnp0a03\2&daba3ff&0,0,Microsoft,pci,"\driver\pci,\driver\acpi,\driver\pci"
pci/ven_15ad&dev_07a0&subsys_07a015ad&rev_01/3&61aaa01&0&b0,2025-07-09 15:34:50,PCI to PCI Bridge,system,{4d36e97d-e325-11ce-bfc1-08002be10318},"pci\ven_15ad&dev_07a0&rev_01,pci\ven_15ad&dev_07a0,pci\ven_15ad&cc_060400,pci\ven_15ad&cc_0604,pci\ven_15ad,pci\cc_060400&dt_4,pci\cc_060400,pci\cc_0604&dt_4,pci\cc_0604",{27db0821-3bf9-f71a-f96f-a53403857690},PCI Express Root Port,0000cbded3faa6669679b496f5a798d543f2a711b3b8,pci.inf_amd64_fa7515b440352bbb,pci.sys,06-21-2006,10.0.19041.5607,pci,"pci\ven_15ad&dev_07a0&subsys_07a015ad&rev_01,pci\ven_15ad&dev_07a0&subsys_07a015ad,pci\ven_15ad&dev_07a0&cc_060400,pci\ven_15ad&dev_07a0&cc_0604",pci.inf,0,(Standard system devices),pci\cc_0604&dt_4,PCI Express Root Port,acpi\pnp0a03\2&daba3ff&0,0,Microsoft,pci,"\driver\pci,\driver\acpi,\driver\pci"
pci/ven_15ad&dev_07a0&subsys_07a015ad&rev_01/3&61aaa01&0&b1,2025-07-09 15:34:50,PCI to PCI Bridge,system,{4d36e97d-e325-11ce-bfc1-08002be10318},"pci\ven_15ad&dev_07a0&rev_01,pci\ven_15ad&dev_07a0,pci\ven_15ad&cc_060400,pci\ven_15ad&cc_0604,pci\ven_15ad,pci\cc_060400&dt_4,pci\cc_060400,pci\cc_0604&dt_4,pci\cc_0604",{27db0821-3bf9-f71a-f96f-a53403857690},PCI Express Root Port,0000cbded3faa6669679b496f5a798d543f2a711b3b8,pci.inf_amd64_fa7515b440352bbb,pci.sys,06-21-2006,10.0.19041.5607,pci,"pci\ven_15ad&dev_07a0&subsys_07a015ad&rev_01,pci\ven_15ad&dev_07a0&subsys_07a015ad,pci\ven_15ad&dev_07a0&cc_060400,pci\ven_15ad&dev_07a0&cc_0604",pci.inf,0,(Standard system devices),pci\cc_0604&dt_4,PCI Express Root Port,acpi\pnp0a03\2&daba3ff&0,0,Microsoft,pci,"\driver\pci,\driver\acpi,\driver\pci"
pci/ven_15ad&dev_07a0&subsys_07a015ad&rev_01/3&61aaa01&0&b2,2025-07-09 15:34:50,PCI to PCI Bridge,system,{4d36e97d-e325-11ce-bfc1-08002be10318},"pci\ven_15ad&dev_07a0&rev_01,pci\ven_15ad&dev_07a0,pci\ven_15ad&cc_060400,pci\ven_15ad&cc_0604,pci\ven_15ad,pci\cc_060400&dt_4,pci\cc_060400,pci\cc_0604&dt_4,pci\cc_0604",{27db0821-3bf9-f71a-f96f-a53403857690},PCI Express Root Port,0000cbded3faa6669679b496f5a798d543f2a711b3b8,pci.inf_amd64_fa7515b440352bbb,pci.sys,06-21-2006,10.0.19041.5607,pci,"pci\ven_15ad&dev_07a0&subsys_07a015ad&rev_01,pci\ven_15ad&dev_07a0&subsys_07a015ad,pci\ven_15ad&dev_07a0&cc_060400,pci\ven_15ad&dev_07a0&cc_0604",pci.inf,0,(Standard system devices),pci\cc_0604&dt_4,PCI Express Root Port,acpi\pnp0a03\2&daba3ff&0,0,Microsoft,pci,"\driver\pci,\driver\acpi,\driver\pci"
pci/ven_15ad&dev_07a0&subsys_07a015ad&rev_01/3&61aaa01&0&b3,2025-07-09 15:34:50,PCI to PCI Bridge,system,{4d36e97d-e325-11ce-bfc1-08002be10318},"pci\ven_15ad&dev_07a0&rev_01,pci\ven_15ad&dev_07a0,pci\ven_15ad&cc_060400,pci\ven_15ad&cc_0604,pci\ven_15ad,pci\cc_060400&dt_4,pci\cc_060400,pci\cc_0604&dt_4,pci\cc_0604",{27db0821-3bf9-f71a-f96f-a53403857690},PCI Express Root Port,0000cbded3faa6669679b496f5a798d543f2a711b3b8,pci.inf_amd64_fa7515b440352bbb,pci.sys,06-21-2006,10.0.19041.5607,pci,"pci\ven_15ad&dev_07a0&subsys_07a015ad&rev_01,pci\ven_15ad&dev_07a0&subsys_07a015ad,pci\ven_15ad&dev_07a0&cc_060400,pci\ven_15ad&dev_07a0&cc_0604",pci.inf,0,(Standard system devices),pci\cc_0604&dt_4,PCI Express Root Port,acpi\pnp0a03\2&daba3ff&0,0,Microsoft,pci,"\driver\pci,\driver\acpi,\driver\pci"
pci/ven_15ad&dev_07a0&subsys_07a015ad&rev_01/3&61aaa01&0&b4,2025-07-09 15:34:51,PCI to PCI Bridge,system,{4d36e97d-e325-11ce-bfc1-08002be10318},"pci\ven_15ad&dev_07a0&rev_01,pci\ven_15ad&dev_07a0,pci\ven_15ad&cc_060400,pci\ven_15ad&cc_0604,pci\ven_15ad,pci\cc_060400&dt_4,pci\cc_060400,pci\cc_0604&dt_4,pci\cc_0604",{27db0821-3bf9-f71a-f96f-a53403857690},PCI Express Root Port,0000cbded3faa6669679b496f5a798d543f2a711b3b8,pci.inf_amd64_fa7515b440352bbb,pci.sys,06-21-2006,10.0.19041.5607,pci,"pci\ven_15ad&dev_07a0&subsys_07a015ad&rev_01,pci\ven_15ad&dev_07a0&subsys_07a015ad,pci\ven_15ad&dev_07a0&cc_060400,pci\ven_15ad&dev_07a0&cc_0604",pci.inf,0,(Standard system devices),pci\cc_0604&dt_4,PCI Express Root Port,acpi\pnp0a03\2&daba3ff&0,0,Microsoft,pci,"\driver\pci,\driver\acpi,\driver\pci"
pci/ven_15ad&dev_07a0&subsys_07a015ad&rev_01/3&61aaa01&0&b5,2025-07-09 15:34:51,PCI to PCI Bridge,system,{4d36e97d-e325-11ce-bfc1-08002be10318},"pci\ven_15ad&dev_07a0&rev_01,pci\ven_15ad&dev_07a0,pci\ven_15ad&cc_060400,pci\ven_15ad&cc_0604,pci\ven_15ad,pci\cc_060400&dt_4,pci\cc_060400,pci\cc_0604&dt_4,pci\cc_0604",{27db0821-3bf9-f71a-f96f-a53403857690},PCI Express Root Port,0000cbded3faa6669679b496f5a798d543f2a711b3b8,pci.inf_amd64_fa7515b440352bbb,pci.sys,06-21-2006,10.0.19041.5607,pci,"pci\ven_15ad&dev_07a0&subsys_07a015ad&rev_01,pci\ven_15ad&dev_07a0&subsys_07a015ad,pci\ven_15ad&dev_07a0&cc_060400,pci\ven_15ad&dev_07a0&cc_0604",pci.inf,0,(Standard system devices),pci\cc_0604&dt_4,PCI Express Root Port,acpi\pnp0a03\2&daba3ff&0,0,Microsoft,pci,"\driver\pci,\driver\acpi,\driver\pci"
pci/ven_15ad&dev_07a0&subsys_07a015ad&rev_01/3&61aaa01&0&b6,2025-07-09 15:34:51,PCI to PCI Bridge,system,{4d36e97d-e325-11ce-bfc1-08002be10318},"pci\ven_15ad&dev_07a0&rev_01,pci\ven_15ad&dev_07a0,pci\ven_15ad&cc_060400,pci\ven_15ad&cc_0604,pci\ven_15ad,pci\cc_060400&dt_4,pci\cc_060400,pci\cc_0604&dt_4,pci\cc_0604",{27db0821-3bf9-f71a-f96f-a53403857690},PCI Express Root Port,0000cbded3faa6669679b496f5a798d543f2a711b3b8,pci.inf_amd64_fa7515b440352bbb,pci.sys,06-21-2006,10.0.19041.5607,pci,"pci\ven_15ad&dev_07a0&subsys_07a015ad&rev_01,pci\ven_15ad&dev_07a0&subsys_07a015ad,pci\ven_15ad&dev_07a0&cc_060400,pci\ven_15ad&dev_07a0&cc_0604",pci.inf,0,(Standard system devices),pci\cc_0604&dt_4,PCI Express Root Port,acpi\pnp0a03\2&daba3ff&0,0,Microsoft,pci,"\driver\pci,\driver\acpi,\driver\pci"
pci/ven_15ad&dev_07a0&subsys_07a015ad&rev_01/3&61aaa01&0&b7,2025-07-09 15:34:51,PCI to PCI Bridge,system,{4d36e97d-e325-11ce-bfc1-08002be10318},"pci\ven_15ad&dev_07a0&rev_01,pci\ven_15ad&dev_07a0,pci\ven_15ad&cc_060400,pci\ven_15ad&cc_0604,pci\ven_15ad,pci\cc_060400&dt_4,pci\cc_060400,pci\cc_0604&dt_4,pci\cc_0604",{27db0821-3bf9-f71a-f96f-a53403857690},PCI Express Root Port,0000cbded3faa6669679b496f5a798d543f2a711b3b8,pci.inf_amd64_fa7515b440352bbb,pci.sys,06-21-2006,10.0.19041.5607,pci,"pci\ven_15ad&dev_07a0&subsys_07a015ad&rev_01,pci\ven_15ad&dev_07a0&subsys_07a015ad,pci\ven_15ad&dev_07a0&cc_060400,pci\ven_15ad&dev_07a0&cc_0604",pci.inf,0,(Standard system devices),pci\cc_0604&dt_4,PCI Express Root Port,acpi\pnp0a03\2&daba3ff&0,0,Microsoft,pci,"\driver\pci,\driver\acpi,\driver\pci"
pci/ven_15ad&dev_07a0&subsys_07a015ad&rev_01/3&61aaa01&0&b8,2025-07-09 15:34:51,PCI to PCI Bridge,system,{4d36e97d-e325-11ce-bfc1-08002be10318},"pci\ven_15ad&dev_07a0&rev_01,pci\ven_15ad&dev_07a0,pci\ven_15ad&cc_060400,pci\ven_15ad&cc_0604,pci\ven_15ad,pci\cc_060400&dt_4,pci\cc_060400,pci\cc_0604&dt_4,pci\cc_0604",{27db0821-3bf9-f71a-f96f-a53403857690},PCI Express Root Port,0000cbded3faa6669679b496f5a798d543f2a711b3b8,pci.inf_amd64_fa7515b440352bbb,pci.sys,06-21-2006,10.0.19041.5607,pci,"pci\ven_15ad&dev_07a0&subsys_07a015ad&rev_01,pci\ven_15ad&dev_07a0&subsys_07a015ad,pci\ven_15ad&dev_07a0&cc_060400,pci\ven_15ad&dev_07a0&cc_0604",pci.inf,0,(Standard system devices),pci\cc_0604&dt_4,PCI Express Root Port,acpi\pnp0a03\2&daba3ff&0,0,Microsoft,pci,"\driver\pci,\driver\acpi,\driver\pci"
pci/ven_15ad&dev_07a0&subsys_07a015ad&rev_01/3&61aaa01&0&b9,2025-07-09 15:34:51,PCI to PCI Bridge,system,{4d36e97d-e325-11ce-bfc1-08002be10318},"pci\ven_15ad&dev_07a0&rev_01,pci\ven_15ad&dev_07a0,pci\ven_15ad&cc_060400,pci\ven_15ad&cc_0604,pci\ven_15ad,pci\cc_060400&dt_4,pci\cc_060400,pci\cc_0604&dt_4,pci\cc_0604",{27db0821-3bf9-f71a-f96f-a53403857690},PCI Express Root Port,0000cbded3faa6669679b496f5a798d543f2a711b3b8,pci.inf_amd64_fa7515b440352bbb,pci.sys,06-21-2006,10.0.19041.5607,pci,"pci\ven_15ad&dev_07a0&subsys_07a015ad&rev_01,pci\ven_15ad&dev_07a0&subsys_07a015ad,pci\ven_15ad&dev_07a0&cc_060400,pci\ven_15ad&dev_07a0&cc_0604",pci.inf,0,(Standard system devices),pci\cc_0604&dt_4,PCI Express Root Port,acpi\pnp0a03\2&daba3ff&0,0,Microsoft,pci,"\driver\pci,\driver\acpi,\driver\pci"
pci/ven_15ad&dev_07a0&subsys_07a015ad&rev_01/3&61aaa01&0&ba,2025-07-09 15:34:51,PCI to PCI Bridge,system,{4d36e97d-e325-11ce-bfc1-08002be10318},"pci\ven_15ad&dev_07a0&rev_01,pci\ven_15ad&dev_07a0,pci\ven_15ad&cc_060400,pci\ven_15ad&cc_0604,pci\ven_15ad,pci\cc_060400&dt_4,pci\cc_060400,pci\cc_0604&dt_4,pci\cc_0604",{27db0821-3bf9-f71a-f96f-a53403857690},PCI Express Root Port,0000cbded3faa6669679b496f5a798d543f2a711b3b8,pci.inf_amd64_fa7515b440352bbb,pci.sys,06-21-2006,10.0.19041.5607,pci,"pci\ven_15ad&dev_07a0&subsys_07a015ad&rev_01,pci\ven_15ad&dev_07a0&subsys_07a015ad,pci\ven_15ad&dev_07a0&cc_060400,pci\ven_15ad&dev_07a0&cc_0604",pci.inf,0,(Standard system devices),pci\cc_0604&dt_4,PCI Express Root Port,acpi\pnp0a03\2&daba3ff&0,0,Microsoft,pci,"\driver\pci,\driver\acpi,\driver\pci"
pci/ven_15ad&dev_07a0&subsys_07a015ad&rev_01/3&61aaa01&0&bb,2025-07-09 15:34:51,PCI to PCI Bridge,system,{4d36e97d-e325-11ce-bfc1-08002be10318},"pci\ven_15ad&dev_07a0&rev_01,pci\ven_15ad&dev_07a0,pci\ven_15ad&cc_060400,pci\ven_15ad&cc_0604,pci\ven_15ad,pci\cc_060400&dt_4,pci\cc_060400,pci\cc_0604&dt_4,pci\cc_0604",{27db0821-3bf9-f71a-f96f-a53403857690},PCI Express Root Port,0000cbded3faa6669679b496f5a798d543f2a711b3b8,pci.inf_amd64_fa7515b440352bbb,pci.sys,06-21-2006,10.0.19041.5607,pci,"pci\ven_15ad&dev_07a0&subsys_07a015ad&rev_01,pci\ven_15ad&dev_07a0&subsys_07a015ad,pci\ven_15ad&dev_07a0&cc_060400,pci\ven_15ad&dev_07a0&cc_0604",pci.inf,0,(Standard system devices),pci\cc_0604&dt_4,PCI Express Root Port,acpi\pnp0a03\2&daba3ff&0,0,Microsoft,pci,"\driver\pci,\driver\acpi,\driver\pci"
pci/ven_15ad&dev_07a0&subsys_07a015ad&rev_01/3&61aaa01&0&bc,2025-07-09 15:34:52,PCI to PCI Bridge,system,{4d36e97d-e325-11ce-bfc1-08002be10318},"pci\ven_15ad&dev_07a0&rev_01,pci\ven_15ad&dev_07a0,pci\ven_15ad&cc_060400,pci\ven_15ad&cc_0604,pci\ven_15ad,pci\cc_060400&dt_4,pci\cc_060400,pci\cc_0604&dt_4,pci\cc_0604",{27db0821-3bf9-f71a-f96f-a53403857690},PCI Express Root Port,0000cbded3faa6669679b496f5a798d543f2a711b3b8,pci.inf_amd64_fa7515b440352bbb,pci.sys,06-21-2006,10.0.19041.5607,pci,"pci\ven_15ad&dev_07a0&subsys_07a015ad&rev_01,pci\ven_15ad&dev_07a0&subsys_07a015ad,pci\ven_15ad&dev_07a0&cc_060400,pci\ven_15ad&dev_07a0&cc_0604",pci.inf,0,(Standard system devices),pci\cc_0604&dt_4,PCI Express Root Port,acpi\pnp0a03\2&daba3ff&0,0,Microsoft,pci,"\driver\pci,\driver\acpi,\driver\pci"
pci/ven_15ad&dev_07a0&subsys_07a015ad&rev_01/3&61aaa01&0&bd,2025-07-09 15:34:52,PCI to PCI Bridge,system,{4d36e97d-e325-11ce-bfc1-08002be10318},"pci\ven_15ad&dev_07a0&rev_01,pci\ven_15ad&dev_07a0,pci\ven_15ad&cc_060400,pci\ven_15ad&cc_0604,pci\ven_15ad,pci\cc_060400&dt_4,pci\cc_060400,pci\cc_0604&dt_4,pci\cc_0604",{27db0821-3bf9-f71a-f96f-a53403857690},PCI Express Root Port,0000cbded3faa6669679b496f5a798d543f2a711b3b8,pci.inf_amd64_fa7515b440352bbb,pci.sys,06-21-2006,10.0.19041.5607,pci,"pci\ven_15ad&dev_07a0&subsys_07a015ad&rev_01,pci\ven_15ad&dev_07a0&subsys_07a015ad,pci\ven_15ad&dev_07a0&cc_060400,pci\ven_15ad&dev_07a0&cc_0604",pci.inf,0,(Standard system devices),pci\cc_0604&dt_4,PCI Express Root Port,acpi\pnp0a03\2&daba3ff&0,0,Microsoft,pci,"\driver\pci,\driver\acpi,\driver\pci"
pci/ven_15ad&dev_07a0&subsys_07a015ad&rev_01/3&61aaa01&0&be,2025-07-09 15:34:52,PCI to PCI Bridge,system,{4d36e97d-e325-11ce-bfc1-08002be10318},"pci\ven_15ad&dev_07a0&rev_01,pci\ven_15ad&dev_07a0,pci\ven_15ad&cc_060400,pci\ven_15ad&cc_0604,pci\ven_15ad,pci\cc_060400&dt_4,pci\cc_060400,pci\cc_0604&dt_4,pci\cc_0604",{27db0821-3bf9-f71a-f96f-a53403857690},PCI Express Root Port,0000cbded3faa6669679b496f5a798d543f2a711b3b8,pci.inf_amd64_fa7515b440352bbb,pci.sys,06-21-2006,10.0.19041.5607,pci,"pci\ven_15ad&dev_07a0&subsys_07a015ad&rev_01,pci\ven_15ad&dev_07a0&subsys_07a015ad,pci\ven_15ad&dev_07a0&cc_060400,pci\ven_15ad&dev_07a0&cc_0604",pci.inf,0,(Standard system devices),pci\cc_0604&dt_4,PCI Express Root Port,acpi\pnp0a03\2&daba3ff&0,0,Microsoft,pci,"\driver\pci,\driver\acpi,\driver\pci"
pci/ven_15ad&dev_07a0&subsys_07a015ad&rev_01/3&61aaa01&0&bf,2025-07-09 15:34:52,PCI to PCI Bridge,system,{4d36e97d-e325-11ce-bfc1-08002be10318},"pci\ven_15ad&dev_07a0&rev_01,pci\ven_15ad&dev_07a0,pci\ven_15ad&cc_060400,pci\ven_15ad&cc_0604,pci\ven_15ad,pci\cc_060400&dt_4,pci\cc_060400,pci\cc_0604&dt_4,pci\cc_0604",{27db0821-3bf9-f71a-f96f-a53403857690},PCI Express Root Port,0000cbded3faa6669679b496f5a798d543f2a711b3b8,pci.inf_amd64_fa7515b440352bbb,pci.sys,06-21-2006,10.0.19041.5607,pci,"pci\ven_15ad&dev_07a0&subsys_07a015ad&rev_01,pci\ven_15ad&dev_07a0&subsys_07a015ad,pci\ven_15ad&dev_07a0&cc_060400,pci\ven_15ad&dev_07a0&cc_0604",pci.inf,0,(Standard system devices),pci\cc_0604&dt_4,PCI Express Root Port,acpi\pnp0a03\2&daba3ff&0,0,Microsoft,pci,"\driver\pci,\driver\acpi,\driver\pci"
pci/ven_15ad&dev_07a0&subsys_07a015ad&rev_01/3&61aaa01&0&c0,2025-07-09 15:34:52,PCI to PCI Bridge,system,{4d36e97d-e325-11ce-bfc1-08002be10318},"pci\ven_15ad&dev_07a0&rev_01,pci\ven_15ad&dev_07a0,pci\ven_15ad&cc_060400,pci\ven_15ad&cc_0604,pci\ven_15ad,pci\cc_060400&dt_4,pci\cc_060400,pci\cc_0604&dt_4,pci\cc_0604",{27db0821-3bf9-f71a-f96f-a53403857690},PCI Express Root Port,0000cbded3faa6669679b496f5a798d543f2a711b3b8,pci.inf_amd64_fa7515b440352bbb,pci.sys,06-21-2006,10.0.19041.5607,pci,"pci\ven_15ad&dev_07a0&subsys_07a015ad&rev_01,pci\ven_15ad&dev_07a0&subsys_07a015ad,pci\ven_15ad&dev_07a0&cc_060400,pci\ven_15ad&dev_07a0&cc_0604",pci.inf,0,(Standard system devices),pci\cc_0604&dt_4,PCI Express Root Port,acpi\pnp0a03\2&daba3ff&0,0,Microsoft,pci,"\driver\pci,\driver\acpi,\driver\pci"
pci/ven_15ad&dev_07a0&subsys_07a015ad&rev_01/3&61aaa01&0&c1,2025-07-09 15:34:52,PCI to PCI Bridge,system,{4d36e97d-e325-11ce-bfc1-08002be10318},"pci\ven_15ad&dev_07a0&rev_01,pci\ven_15ad&dev_07a0,pci\ven_15ad&cc_060400,pci\ven_15ad&cc_0604,pci\ven_15ad,pci\cc_060400&dt_4,pci\cc_060400,pci\cc_0604&dt_4,pci\cc_0604",{27db0821-3bf9-f71a-f96f-a53403857690},PCI Express Root Port,0000cbded3faa6669679b496f5a798d543f2a711b3b8,pci.inf_amd64_fa7515b440352bbb,pci.sys,06-21-2006,10.0.19041.5607,pci,"pci\ven_15ad&dev_07a0&subsys_07a015ad&rev_01,pci\ven_15ad&dev_07a0&subsys_07a015ad,pci\ven_15ad&dev_07a0&cc_060400,pci\ven_15ad&dev_07a0&cc_0604",pci.inf,0,(Standard system devices),pci\cc_0604&dt_4,PCI Express Root Port,acpi\pnp0a03\2&daba3ff&0,0,Microsoft,pci,"\driver\pci,\driver\acpi,\driver\pci"
pci/ven_15ad&dev_07a0&subsys_07a015ad&rev_01/3&61aaa01&0&c2,2025-07-09 15:34:52,PCI to PCI Bridge,system,{4d36e97d-e325-11ce-bfc1-08002be10318},"pci\ven_15ad&dev_07a0&rev_01,pci\ven_15ad&dev_07a0,pci\ven_15ad&cc_060400,pci\ven_15ad&cc_0604,pci\ven_15ad,pci\cc_060400&dt_4,pci\cc_060400,pci\cc_0604&dt_4,pci\cc_0604",{27db0821-3bf9-f71a-f96f-a53403857690},PCI Express Root Port,0000cbded3faa6669679b496f5a798d543f2a711b3b8,pci.inf_amd64_fa7515b440352bbb,pci.sys,06-21-2006,10.0.19041.5607,pci,"pci\ven_15ad&dev_07a0&subsys_07a015ad&rev_01,pci\ven_15ad&dev_07a0&subsys_07a015ad,pci\ven_15ad&dev_07a0&cc_060400,pci\ven_15ad&dev_07a0&cc_0604",pci.inf,0,(Standard system devices),pci\cc_0604&dt_4,PCI Express Root Port,acpi\pnp0a03\2&daba3ff&0,0,Microsoft,pci,"\driver\pci,\driver\acpi,\driver\pci"
pci/ven_15ad&dev_07a0&subsys_07a015ad&rev_01/3&61aaa01&0&c3,2025-07-09 15:34:52,PCI to PCI Bridge,system,{4d36e97d-e325-11ce-bfc1-08002be10318},"pci\ven_15ad&dev_07a0&rev_01,pci\ven_15ad&dev_07a0,pci\ven_15ad&cc_060400,pci\ven_15ad&cc_0604,pci\ven_15ad,pci\cc_060400&dt_4,pci\cc_060400,pci\cc_0604&dt_4,pci\cc_0604",{27db0821-3bf9-f71a-f96f-a53403857690},PCI Express Root Port,0000cbded3faa6669679b496f5a798d543f2a711b3b8,pci.inf_amd64_fa7515b440352bbb,pci.sys,06-21-2006,10.0.19041.5607,pci,"pci\ven_15ad&dev_07a0&subsys_07a015ad&rev_01,pci\ven_15ad&dev_07a0&subsys_07a015ad,pci\ven_15ad&dev_07a0&cc_060400,pci\ven_15ad&dev_07a0&cc_0604",pci.inf,0,(Standard system devices),pci\cc_0604&dt_4,PCI Express Root Port,acpi\pnp0a03\2&daba3ff&0,0,Microsoft,pci,"\driver\pci,\driver\acpi,\driver\pci"
pci/ven_15ad&dev_07a0&subsys_07a015ad&rev_01/3&61aaa01&0&c4,2025-07-09 15:34:52,PCI to PCI Bridge,system,{4d36e97d-e325-11ce-bfc1-08002be10318},"pci\ven_15ad&dev_07a0&rev_01,pci\ven_15ad&dev_07a0,pci\ven_15ad&cc_060400,pci\ven_15ad&cc_0604,pci\ven_15ad,pci\cc_060400&dt_4,pci\cc_060400,pci\cc_0604&dt_4,pci\cc_0604",{27db0821-3bf9-f71a-f96f-a53403857690},PCI Express Root Port,0000cbded3faa6669679b496f5a798d543f2a711b3b8,pci.inf_amd64_fa7515b440352bbb,pci.sys,06-21-2006,10.0.19041.5607,pci,"pci\ven_15ad&dev_07a0&subsys_07a015ad&rev_01,pci\ven_15ad&dev_07a0&subsys_07a015ad,pci\ven_15ad&dev_07a0&cc_060400,pci\ven_15ad&dev_07a0&cc_0604",pci.inf,0,(Standard system devices),pci\cc_0604&dt_4,PCI Express Root Port,acpi\pnp0a03\2&daba3ff&0,0,Microsoft,pci,"\driver\pci,\driver\acpi,\driver\pci"
pci/ven_15ad&dev_07a0&subsys_07a015ad&rev_01/3&61aaa01&0&c5,2025-07-09 15:34:53,PCI to PCI Bridge,system,{4d36e97d-e325-11ce-bfc1-08002be10318},"pci\ven_15ad&dev_07a0&rev_01,pci\ven_15ad&dev_07a0,pci\ven_15ad&cc_060400,pci\ven_15ad&cc_0604,pci\ven_15ad,pci\cc_060400&dt_4,pci\cc_060400,pci\cc_0604&dt_4,pci\cc_0604",{27db0821-3bf9-f71a-f96f-a53403857690},PCI Express Root Port,0000cbded3faa6669679b496f5a798d543f2a711b3b8,pci.inf_amd64_fa7515b440352bbb,pci.sys,06-21-2006,10.0.19041.5607,pci,"pci\ven_15ad&dev_07a0&subsys_07a015ad&rev_01,pci\ven_15ad&dev_07a0&subsys_07a015ad,pci\ven_15ad&dev_07a0&cc_060400,pci\ven_15ad&dev_07a0&cc_0604",pci.inf,0,(Standard system devices),pci\cc_0604&dt_4,PCI Express Root Port,acpi\pnp0a03\2&daba3ff&0,0,Microsoft,pci,"\driver\pci,\driver\acpi,\driver\pci"
pci/ven_15ad&dev_07a0&subsys_07a015ad&rev_01/3&61aaa01&0&c6,2025-07-09 15:34:54,PCI to PCI Bridge,system,{4d36e97d-e325-11ce-bfc1-08002be10318},"pci\ven_15ad&dev_07a0&rev_01,pci\ven_15ad&dev_07a0,pci\ven_15ad&cc_060400,pci\ven_15ad&cc_0604,pci\ven_15ad,pci\cc_060400&dt_4,pci\cc_060400,pci\cc_0604&dt_4,pci\cc_0604",{27db0821-3bf9-f71a-f96f-a53403857690},PCI Express Root Port,0000cbded3faa6669679b496f5a798d543f2a711b3b8,pci.inf_amd64_fa7515b440352bbb,pci.sys,06-21-2006,10.0.19041.5607,pci,"pci\ven_15ad&dev_07a0&subsys_07a015ad&rev_01,pci\ven_15ad&dev_07a0&subsys_07a015ad,pci\ven_15ad&dev_07a0&cc_060400,pci\ven_15ad&dev_07a0&cc_0604",pci.inf,0,(Standard system devices),pci\cc_0604&dt_4,PCI Express Root Port,acpi\pnp0a03\2&daba3ff&0,0,Microsoft,pci,"\driver\pci,\driver\acpi,\driver\pci"
pci/ven_15ad&dev_07a0&subsys_07a015ad&rev_01/3&61aaa01&0&c7,2025-07-09 15:34:54,PCI to PCI Bridge,system,{4d36e97d-e325-11ce-bfc1-08002be10318},"pci\ven_15ad&dev_07a0&rev_01,pci\ven_15ad&dev_07a0,pci\ven_15ad&cc_060400,pci\ven_15ad&cc_0604,pci\ven_15ad,pci\cc_060400&dt_4,pci\cc_060400,pci\cc_0604&dt_4,pci\cc_0604",{27db0821-3bf9-f71a-f96f-a53403857690},PCI Express Root Port,0000cbded3faa6669679b496f5a798d543f2a711b3b8,pci.inf_amd64_fa7515b440352bbb,pci.sys,06-21-2006,10.0.19041.5607,pci,"pci\ven_15ad&dev_07a0&subsys_07a015ad&rev_01,pci\ven_15ad&dev_07a0&subsys_07a015ad,pci\ven_15ad&dev_07a0&cc_060400,pci\ven_15ad&dev_07a0&cc_0604",pci.inf,0,(Standard system devices),pci\cc_0604&dt_4,PCI Express Root Port,acpi\pnp0a03\2&daba3ff&0,0,Microsoft,pci,"\driver\pci,\driver\acpi,\driver\pci"
pci/ven_15ad&dev_07e0&subsys_07e015ad&rev_00/4&bbf9765&0&1888,2025-07-09 15:34:58,Serial ATA Controller,hdc,{4d36e96a-e325-11ce-bfc1-08002be10318},"pci\ven_15ad&dev_07e0&rev_00,pci\ven_15ad&dev_07e0,pci\ven_15ad&cc_010601,pci\ven_15ad&cc_0106,pci\ven_15ad,pci\cc_010601,pci\cc_0106",{27db0821-3bf9-f71a-f96f-a53403857690},Standard SATA AHCI Controller,0000f6592c4a8efd108dcf4632dabec0bc29822e9f7c,mshdc.inf_amd64_f6ccd5b2c8226c4a,storahci.sys,06-21-2006,10.0.19041.3636,pci,"pci\ven_15ad&dev_07e0&subsys_07e015ad&rev_00,pci\ven_15ad&dev_07e0&subsys_07e015ad,pci\ven_15ad&dev_07e0&cc_010601,pci\ven_15ad&dev_07e0&cc_0106",mshdc.inf,0,Standard SATA AHCI Controller,pci\cc_010601,Standard SATA AHCI Controller,pci\ven_15ad&dev_0790&subsys_079015ad&rev_02\3&61aaa01&0&88,0,Microsoft,storahci,"\driver\storahci,\driver\acpi,\driver\pci"
pci/ven_15ad&dev_07f0&subsys_07f015ad&rev_00/4&3b50545d&0&00b8,2025-07-09 15:35:06,PCI Device,scsiadapter,{4d36e97b-e325-11ce-bfc1-08002be10318},"pci\ven_15ad&dev_07f0&rev_00,pci\ven_15ad&dev_07f0,pci\ven_15ad&cc_010802,pci\ven_15ad&cc_0108,pci\ven_15ad,pci\cc_010802&dt_0,pci\cc_010802,pci\cc_0108&dt_0,pci\cc_0108",{b0cf76b9-5aa0-7dbd-b1fb-2637b60270e2},Standard NVM Express Controller,0000f88d16791bc44c4a8e286a8db251fa525b248f9a,stornvme.inf_amd64_e0c126d55d25ccad,stornvme.sys,06-21-2006,10.0.19041.4355,pci,"pci\ven_15ad&dev_07f0&subsys_07f015ad&rev_00,pci\ven_15ad&dev_07f0&subsys_07f015ad,pci\ven_15ad&dev_07f0&cc_010802,pci\ven_15ad&dev_07f0&cc_0108",stornvme.inf,0,Standard NVM Express Controller,pci\cc_010802,Standard NVM Express Controller,pci\ven_15ad&dev_07a0&subsys_07a015ad&rev_01\3&61aaa01&0&b8,0,Microsoft,stornvme,"\driver\stornvme,\driver\acpi,\driver\pci"
pci/ven_15ad&dev_1977&subsys_197715ad&rev_09/4&bbf9765&0&0888,2025-07-09 15:34:57,PCI Device,system,{4d36e97d-e325-11ce-bfc1-08002be10318},"pci\ven_15ad&dev_1977&rev_09,pci\ven_15ad&dev_1977,pci\ven_15ad&cc_040300,pci\ven_15ad&cc_0403,pci\ven_15ad,pci\cc_040300,pci\cc_0403",{27db0821-3bf9-f71a-f96f-a53403857690},High Definition Audio Controller,0000f0c1bbd6d036196537aa094f8468803774af054f,hdaudbus.inf_amd64_23f27f8a3b8832c7,hdaudbus.sys,04-07-2025,10.0.19041.5794,pci,"pci\ven_15ad&dev_1977&subsys_197715ad&rev_09,pci\ven_15ad&dev_1977&subsys_197715ad,pci\ven_15ad&dev_1977&cc_040300,pci\ven_15ad&dev_1977&cc_0403",hdaudbus.inf,0,Microsoft,pci\cc_0403,High Definition Audio Controller,pci\ven_15ad&dev_0790&subsys_079015ad&rev_02\3&61aaa01&0&88,0,Microsoft,hdaudbus,"\driver\hdaudbus,\driver\acpi,\driver\pci"
pci/ven_8086&dev_10d3&subsys_07d015ad&rev_00/000c29ffff09b42700,2025-07-09 15:35:02,Ethernet Controller,net,{4d36e972-e325-11ce-bfc1-08002be10318},"pci\ven_8086&dev_10d3&rev_00,pci\ven_8086&dev_10d3,pci\ven_8086&cc_020000,pci\ven_8086&cc_0200,pci\ven_8086,pci\cc_020000&dt_0,pci\cc_020000,pci\cc_0200&dt_0,pci\cc_0200",{36f221a1-6b6e-7bfe-cf71-c373cd9985e4},Intel(R) 82574L Gigabit Network Connection,000022a9b6e2023b86e51419c8a43ce567b28093c037,net1ic64.inf_amd64_5f033e913d34d111,e1i65x64.sys,06-12-2018,12.17.10.8,pci,"pci\ven_8086&dev_10d3&subsys_07d015ad&rev_00,pci\ven_8086&dev_10d3&subsys_07d015ad,pci\ven_8086&dev_10d3&cc_020000,pci\ven_8086&dev_10d3&cc_0200",net1ic64.inf,0,Intel Corporation,pci\ven_8086&dev_10d3,Intel(R) 82574L Gigabit Network Connection,pci\ven_15ad&dev_07a0&subsys_07a015ad&rev_01\3&61aaa01&0&a8,0,Microsoft,e1i65x64,"\driver\e1i65x64,\driver\acpi,\driver\pci"
pci/ven_8086&dev_7110&subsys_197615ad&rev_08/3&61aaa01&0&38,2025-07-09 15:34:57,PCI to ISA Bridge,system,{4d36e97d-e325-11ce-bfc1-08002be10318},"pci\ven_8086&dev_7110&rev_08,pci\ven_8086&dev_7110,pci\ven_8086&cc_060100,pci\ven_8086&cc_0601,pci\ven_8086,pci\cc_060100,pci\cc_0601",{27db0821-3bf9-f71a-f96f-a53403857690},PCI to ISA Bridge,00002248f890ba070e8b64dcb25ca801caaa8f078d0e,machine.inf_amd64_72ab89a5cc3218be,msisadrv.sys,06-21-2006,10.0.19041.3636,pci,"pci\ven_8086&dev_7110&subsys_197615ad&rev_08,pci\ven_8086&dev_7110&subsys_197615ad,pci\ven_8086&dev_7110&cc_060100,pci\ven_8086&dev_7110&cc_0601",machine.inf,0,Intel,pci\ven_8086&dev_7110&cc_0601,PCI to ISA Bridge,acpi\pnp0a03\2&daba3ff&0,0,Microsoft,msisadrv,"\driver\msisadrv,\driver\acpi,\driver\pci"
pci/ven_8086&dev_7111&subsys_197615ad&rev_01/3&61aaa01&0&39,2025-07-09 15:34:57,IDE Controller,hdc,{4d36e96a-e325-11ce-bfc1-08002be10318},"pci\ven_8086&dev_7111&rev_01,pci\ven_8086&dev_7111,pci\ven_8086&cc_01018a,pci\ven_8086&cc_0101,pci\ven_8086,pci\cc_01018a,pci\cc_0101",{27db0821-3bf9-f71a-f96f-a53403857690},Intel(R) 82371AB/EB PCI Bus Master IDE Controller,0000535c70a0ae31f85bd38788492e7515996dad758f,mshdc.inf_amd64_f6ccd5b2c8226c4a,intelide.sys,06-21-2006,10.0.19041.3636,pci,"pci\ven_8086&dev_7111&subsys_197615ad&rev_01,pci\ven_8086&dev_7111&subsys_197615ad,pci\ven_8086&dev_7111&cc_01018a,pci\ven_8086&dev_7111&cc_0101",mshdc.inf,0,Intel,pci\ven_8086&dev_7111,Intel(R) 82371AB/EB PCI Bus Master IDE Controller,acpi\pnp0a03\2&daba3ff&0,0,Microsoft,intelide,"\driver\intelide,\driver\acpi,\driver\pci"
pci/ven_8086&dev_7190&subsys_197615ad&rev_01/3&61aaa01&0&00,2025-07-09 15:34:57,PCI HOST Bridge,system,{4d36e97d-e325-11ce-bfc1-08002be10318},"pci\ven_8086&dev_7190&rev_01,pci\ven_8086&dev_7190,pci\ven_8086&cc_060000,pci\ven_8086&cc_0600,pci\ven_8086,pci\cc_060000,pci\cc_0600",{27db0821-3bf9-f71a-f96f-a53403857690},CPU to PCI Bridge,,machine.inf_amd64_72ab89a5cc3218be,,06-21-2006,10.0.19041.3636,pci,"pci\ven_8086&dev_7190&subsys_197615ad&rev_01,pci\ven_8086&dev_7190&subsys_197615ad,pci\ven_8086&dev_7190&cc_060000,pci\ven_8086&dev_7190&cc_0600",machine.inf,0,Intel,pci\ven_8086&dev_7190,CPU to PCI Bridge,acpi\pnp0a03\2&daba3ff&0,0,Microsoft,,\driver\pci
pci/ven_8086&dev_7191&subsys_00000000&rev_01/3&61aaa01&0&08,2025-07-09 15:34:34,PCI to PCI Bridge,system,{4d36e97d-e325-11ce-bfc1-08002be10318},"pci\ven_8086&cc_060400,pci\ven_8086&cc_0604,pci\ven_8086,pci\cc_060400,pci\cc_0604",{27db0821-3bf9-f71a-f96f-a53403857690},PCI-to-PCI Bridge,0000cbded3faa6669679b496f5a798d543f2a711b3b8,pci.inf_amd64_fa7515b440352bbb,pci.sys,06-21-2006,10.0.19041.5607,pci,"pci\ven_8086&dev_7191&subsys_00000000&rev_01,pci\ven_8086&dev_7191&subsys_00000000,pci\ven_8086&dev_7191&rev_01,pci\ven_8086&dev_7191,pci\ven_8086&dev_7191&cc_060400,pci\ven_8086&dev_7191&cc_0604",pci.inf,0,(Standard system devices),pci\cc_0604,PCI-to-PCI Bridge,acpi\pnp0a03\2&daba3ff&0,0,Microsoft,pci,"\driver\pci,\driver\acpi,\driver\pci"
pciide/idechannel/4&23686003&0&0,2025-07-09 15:34:57,ATA Channel 0,hdc,{4d36e96a-e325-11ce-bfc1-08002be10318},*pnp0600,{27db0821-3bf9-f71a-f96f-a53403857690},ATA Channel 0,00005dcf74c22f46b990b889f9ce839a643dc956a15c,mshdc.inf_amd64_f6ccd5b2c8226c4a,atapi.sys,06-21-2006,10.0.19041.3636,pciide,"intel-piix4,internal_ide_channel",mshdc.inf,0,(Standard IDE ATA/ATAPI controllers),internal_ide_channel,IDE Channel,pci\ven_8086&dev_7111&subsys_197615ad&rev_01\3&61aaa01&0&39,0,Microsoft,atapi,"\driver\atapi,\driver\intelide"
pciide/idechannel/4&23686003&0&1,2025-07-09 15:34:57,ATA Channel 1,hdc,{4d36e96a-e325-11ce-bfc1-08002be10318},*pnp0600,{27db0821-3bf9-f71a-f96f-a53403857690},ATA Channel 1,00005dcf74c22f46b990b889f9ce839a643dc956a15c,mshdc.inf_amd64_f6ccd5b2c8226c4a,atapi.sys,06-21-2006,10.0.19041.3636,pciide,"intel-piix4,internal_ide_channel",mshdc.inf,0,(Standard IDE ATA/ATAPI controllers),internal_ide_channel,IDE Channel,pci\ven_8086&dev_7111&subsys_197615ad&rev_01\3&61aaa01&0&39,0,Microsoft,atapi,"\driver\atapi,\driver\intelide"
root/acpi_hal/0000,2025-07-09 15:34:57,,computer,{4d36e966-e325-11ce-bfc1-08002be10318},"detectedinternal\acpi_hal,detected\acpi_hal",{27db0821-3bf9-f71a-f96f-a53403857690},ACPI x64-based PC,,hal.inf_amd64_fd0ae947345ac7bf,,06-21-2006,10.0.19041.1,root,acpiapic,hal.inf,0,(Standard computers),acpiapic,ACPI x64-based PC,htree\root\0,0,Microsoft,,"\driver\acpi_hal,\driver\pnpmanager"
root/basicdisplay/0000,2025-07-09 15:34:35,,system,{4d36e97d-e325-11ce-bfc1-08002be10318},,{27db0821-3bf9-f71a-f96f-a53403857690},Microsoft Basic Display Driver,0000d1a1f0c65b3386068658fbe04708812f220a0f2d,basicdisplay.inf_amd64_19e58b6267591a82,basicdisplay.sys,06-21-2006,10.0.19041.3636,root,root\basicdisplay,basicdisplay.inf,0,(Standard display types),root\basicdisplay,Microsoft Basic Display Driver,htree\root\0,0,Microsoft,basicdisplay,"\driver\basicdisplay,\driver\pnpmanager"
root/basicrender/0000,2025-07-09 15:34:57,,system,{4d36e97d-e325-11ce-bfc1-08002be10318},,{27db0821-3bf9-f71a-f96f-a53403857690},Microsoft Basic Render Driver,000013e947955c504b89ca06ffc9ca172ee451eab13e,basicrender.inf_amd64_d3f5994a67770b50,basicrender.sys,06-21-2006,10.0.19041.3636,root,root\basicrender,basicrender.inf,0,Microsoft,root\basicrender,Microsoft Basic Render Driver,htree\root\0,0,Microsoft,basicrender,"\driver\basicrender,\driver\pnpmanager"
root/compositebus/0000,2025-07-09 15:34:50,,system,{4d36e97d-e325-11ce-bfc1-08002be10318},,{27db0821-3bf9-f71a-f96f-a53403857690},Composite Bus Enumerator,00006297c4a446afac2d72de239614a17554b4f2f512,compositebus.inf_amd64_7500cffa210c6946,compositebus.sys,06-21-2006,10.0.19041.1,root,root\compositebus,compositebus.inf,0,Microsoft,root\compositebus,Composite Bus Enumerator,htree\root\0,0,Microsoft,compositebus,"\driver\compositebus,\driver\pnpmanager"
root/kdnic/0000,2025-07-09 15:34:50,,net,{4d36e972-e325-11ce-bfc1-08002be10318},,{27db0821-3bf9-f71a-f96f-a53403857690},Microsoft Kernel Debug Network Adapter,0000028dfaf57574a08ce39315e58b48a2f09bab2aaf,kdnic.inf_amd64_6649425cdcae9b5f,kdnic.sys,06-21-2006,10.0.19041.1,root,root\kdnic,kdnic.inf,0,Microsoft,root\kdnic,Microsoft Kernel Debug Network Adapter,htree\root\0,0,Microsoft,kdnic,"\driver\kdnic,\driver\pnpmanager"
root/mssmbios/0000,2025-07-09 15:34:58,,system,{4d36e97d-e325-11ce-bfc1-08002be10318},,{27db0821-3bf9-f71a-f96f-a53403857690},Microsoft System Management BIOS Driver,000025138fceaa5b0e560618c4d8682d4e4fbc0f0d7d,mssmbios.inf_amd64_9fc7fe03de136fc1,mssmbios.sys,06-21-2006,10.0.19041.1,root,root\mssmbios,mssmbios.inf,0,(Standard system devices),root\mssmbios,Microsoft System Management BIOS Driver,htree\root\0,0,Microsoft,mssmbios,"\driver\mssmbios,\driver\pnpmanager"
root/ndisvirtualbus/0000,2025-07-09 15:34:57,,system,{4d36e97d-e325-11ce-bfc1-08002be10318},,{27db0821-3bf9-f71a-f96f-a53403857690},NDIS Virtual Network Adapter Enumerator,00008dfdb78f1b736f1cc78d8b68b886af66aaebf73f,ndisvirtualbus.inf_amd64_e8d548ad6f0a613a,ndisvirtualbus.sys,06-21-2006,10.0.19041.1,root,root\ndisvirtualbus,ndisvirtualbus.inf,0,Microsoft,root\ndisvirtualbus,NDIS Virtual Network Adapter Enumerator,htree\root\0,0,Microsoft,ndisvirtualbus,"\driver\ndisvirtualbus,\driver\pnpmanager"
root/net/0000,2025-07-09 15:34:40,,net,{4d36e972-e325-11ce-bfc1-08002be10318},,{27db0821-3bf9-f71a-f96f-a53403857690},Sophos ZTNA TAP Adapter,0000237c3b0fa84e24cce4f6ce182dc2680c84f67d86,sophosztnatap.inf_amd64_829365ce1f633be3,sophosztnatap.sys,06-18-2021,9.24.6.3,root,sophosztnatap,oem9.inf,0,Sophos ZTNA TAP Adapter Provider,sophosztnatap,Sophos ZTNA TAP Adapter,htree\root\0,0,Sophos ZTNA TAP Adapter Provider,sophosztnatap,"\driver\sophosztnatap,\driver\pnpmanager"
root/rdpbus/0000,2025-07-09 15:34:58,,system,{4d36e97d-e325-11ce-bfc1-08002be10318},,{27db0821-3bf9-f71a-f96f-a53403857690},Remote Desktop Device Redirector Bus,0000e222a331db4e9f4df4a1d23c62dc7376dc3700d1,rdpbus.inf_amd64_05ebd3b4422f62ba,rdpbus.sys,06-21-2006,10.0.19041.1,root,root\rdpbus,rdpbus.inf,0,Microsoft,root\rdpbus,Remote Desktop Device Redirector Bus,htree\root\0,0,Microsoft,rdpbus,"\driver\rdpbus,\driver\pnpmanager"
root/spaceport/0000,2025-07-09 15:34:50,,scsiadapter,{4d36e97b-e325-11ce-bfc1-08002be10318},"detectedinternal\spaceport,detected\spaceport",{27db0821-3bf9-f71a-f96f-a53403857690},Microsoft Storage Spaces Controller,0000549e4b2f56263e49230a1115e9448a20faec57bd,spaceport.inf_amd64_75db2a57ca8ef34d,spaceport.sys,06-21-2006,10.0.19041.4355,root,root\spaceport,spaceport.inf,0,Microsoft,root\spaceport,Microsoft Storage Spaces Controller,htree\root\0,0,Microsoft,spaceport,"\driver\spaceport,\driver\pnpmanager"
root/system/0000,2025-07-09 15:34:58,,system,{4d36e97d-e325-11ce-bfc1-08002be10318},,{27db0821-3bf9-f71a-f96f-a53403857690},Plug and Play Software Device Enumerator,000078d15c1f55124ff32d8c94520027ab4919013046,swenum.inf_amd64_16a14542b63c02af,swenum.sys,12-06-2019,10.0.19041.1,root,root\swenum,swenum.inf,0,(Standard system devices),root\swenum,Plug and Play Software Device Enumerator,htree\root\0,0,Microsoft,swenum,"\driver\swenum,\driver\pnpmanager"
root/umbus/0000,2025-07-09 15:34:57,,system,{4d36e97d-e325-11ce-bfc1-08002be10318},,{27db0821-3bf9-f71a-f96f-a53403857690},UMBus Root Bus Enumerator,0000e0b2521fdf09d6dd41b8f948565c908be9a7646e,umbus.inf_amd64_b78a9c5b6fd62c27,umbus.sys,06-21-2006,10.0.19041.1,root,root\umbus,umbus.inf,0,Microsoft,root\umbus,UMBus Root Bus Enumerator,htree\root\0,0,Microsoft,umbus,"\driver\umbus,\driver\pnpmanager"
root/vdrvroot/0000,2025-07-09 15:34:50,,system,{4d36e97d-e325-11ce-bfc1-08002be10318},,{27db0821-3bf9-f71a-f96f-a53403857690},Microsoft Virtual Drive Enumerator,0000f00ea3351fcced186a51a4e8134091b95341e02d,vdrvroot.inf_amd64_5dbe5e81fafe4636,vdrvroot.sys,06-21-2006,10.0.19041.1,root,root\vdrvroot,vdrvroot.inf,0,Microsoft,root\vdrvroot,Microsoft Virtual Drive Enumerator,htree\root\0,0,Microsoft,vdrvroot,"\driver\vdrvroot,\driver\pnpmanager"
root/vid/0000,2025-07-09 15:34:50,,system,{4d36e97d-e325-11ce-bfc1-08002be10318},,{27db0821-3bf9-f71a-f96f-a53403857690},Microsoft Hyper-V Virtualization Infrastructure Driver,00003218194fa4865a0d42a64c6bed4210d4cb50f4b4,wvid.inf_amd64_122adeca9929473f,vid.sys,06-21-2006,10.0.19041.5794,root,root\vid,wvid.inf,0,Microsoft,root\vid,Microsoft Hyper-V Virtualization Infrastructure Driver,htree\root\0,0,Microsoft,vid,"\driver\vid,\driver\pnpmanager"
root/vmwvmcihostdev/0000,2025-07-09 15:34:57,,system,{4d36e97d-e325-11ce-bfc1-08002be10318},,{27db0821-3bf9-f71a-f96f-a53403857690},VMware VMCI Host Device,000019ff3e6b7b988e2a14018b9b8705be99172d6a1c,vmci.inf_amd64_faf39406c404b481,vmci.sys,03-17-2025,9.8.30.0,root,root\vmwvmcihostdev,oem8.inf,0,Broadcom Inc.,root\vmwvmcihostdev,VMware VMCI Host Device,htree\root\0,0,Broadcom Inc.,vmci,"\driver\vmci,\driver\pnpmanager"
root/volmgr/0000,2025-07-09 15:34:34,,system,{4d36e97d-e325-11ce-bfc1-08002be10318},"detectedinternal\volmgr,detected\volmgr",{27db0821-3bf9-f71a-f96f-a53403857690},Volume Manager,0000a963bebe1e530ab0455def542c6866c2e8265af5,volmgr.inf_amd64_32c77fdb30d7514d,volmgr.sys,06-21-2006,10.0.19041.3636,root,root\volmgr,volmgr.inf,0,Microsoft,root\volmgr,Volume Manager,htree\root\0,0,Microsoft,volmgr,"\driver\volmgr,\driver\pnpmanager"
scsi/cdrom&ven_necvmwar&prod_vmware_sata_cd01/5&260e6d66&0&010000,2025-07-09 15:34:57,NECVMWar VMware SATA CD01,cdrom,{4d36e965-e325-11ce-bfc1-08002be10318},"scsi\cdrom,scsi\raw",{27db0821-3bf9-f71a-f96f-a53403857690},NECVMWar VMware SATA CD01,00007a04a6c0f15948c6e20865ce6a92f8c14a11b020,cdrom.inf_amd64_f618268e6b943f2d,cdrom.sys,06-21-2006,10.0.19041.4355,scsi,"scsi\cdromnecvmwarvmware_sata_cd011.00,scsi\cdromnecvmwarvmware_sata_cd01,scsi\cdromnecvmwar,scsi\necvmwarvmware_sata_cd011,necvmwarvmware_sata_cd011,gencdrom",cdrom.inf,0,(Standard CD-ROM drives),gencdrom,CD-ROM Drive,pci\ven_15ad&dev_07e0&subsys_07e015ad&rev_00\4&bbf9765&0&1888,0,Microsoft,cdrom,"\driver\cdrom,\driver\storahci"
scsi/disk&ven_nvme&prod_vmware_virtual_n/5&25a13950&0&000000,2025-07-09 15:34:58,VMware Virtual NVMe Disk,diskdrive,{4d36e967-e325-11ce-bfc1-08002be10318},"scsi\disk,scsi\raw",{a0999735-adcb-a6e4-f8a4-04fa060a1646},VMware Virtual NVMe Disk,0000c9d04fe23b8456ca99bfe7da578a9beddc459f1c,disk.inf_amd64_8398eaa246ab3f17,disk.sys,06-21-2006,10.0.19041.4597,scsi,"scsi\disknvme____________________vmware_virtual_nvme_disk_____1.0,scsi\disknvme____________________vmware_virtual_nvme_disk,scsi\disknvme____vmware_virtual_n1.0_,scsi\disknvme____vmware_virtual_n,scsi\disknvme____,scsi\nvme____vmware_virtual_n1,nvme____vmware_virtual_n1,gendisk",disk.inf,0,(Standard disk drives),gendisk,Disk drive,pci\ven_15ad&dev_07f0&subsys_07f015ad&rev_00\4&3b50545d&0&00b8,0,Microsoft,disk,"\driver\partmgr,\driver\disk,\driver\stornvme"
storage/volume/{9aa819d0-d8be-11ee-b6bc-806e6f6e6963}#0000000000100000,2025-07-09 15:34:58,,volume,{71a27cdd-812a-11d0-bec7-08002be2092f},,{a0999735-adcb-a6e4-f8a4-04fa060a1646},Volume,000075a9914dd254894eca795aec481478e1f6271c2d,volume.inf_amd64_bfabc750039f8ac1,volume.sys,06-21-2006,10.0.19041.1,storage,storage\volume,volume.inf,0,Microsoft,storage\volume,Volume,root\volmgr\0000,0,Microsoft,volume,"\driver\volsnap,\driver\volume,\driver\iorate,\driver\fvevol,\driver\volmgr"
storage/volume/{9aa819d0-d8be-11ee-b6bc-806e6f6e6963}#000000000c900000,2025-07-09 15:34:58,,volume,{71a27cdd-812a-11d0-bec7-08002be2092f},,{a0999735-adcb-a6e4-f8a4-04fa060a1646},Volume,000075a9914dd254894eca795aec481478e1f6271c2d,volume.inf_amd64_bfabc750039f8ac1,volume.sys,06-21-2006,10.0.19041.1,storage,storage\volume,volume.inf,0,Microsoft,storage\volume,Volume,root\volmgr\0000,0,Microsoft,volume,"\driver\volsnap,\driver\volume,\driver\iorate,\driver\fvevol,\driver\volmgr"
storage/volume/{9aa819d0-d8be-11ee-b6bc-806e6f6e6963}#0000000014900000,2025-07-09 15:34:58,,volume,{71a27cdd-812a-11d0-bec7-08002be2092f},,{a0999735-adcb-a6e4-f8a4-04fa060a1646},Volume,000075a9914dd254894eca795aec481478e1f6271c2d,volume.inf_amd64_bfabc750039f8ac1,volume.sys,06-21-2006,10.0.19041.1,storage,storage\volume,volume.inf,0,Microsoft,storage\volume,Volume,root\volmgr\0000,0,Microsoft,volume,"\driver\volsnap,\driver\volume,\driver\iorate,\driver\fvevol,\driver\volmgr"
swd/mmdevapi/microsoftgswavetablesynth,2025-07-09 15:34:57,Microsoft GS Wavetable Synth,softwaredevice,{62f9c741-b25a-46ce-b54c-9bccce08b6f2},"swd\genericraw,swd\generic",{27db0821-3bf9-f71a-f96f-a53403857690},Microsoft GS Wavetable Synth,,c_swdevice.inf_amd64_12050f4158021fcb,,06-21-2006,10.0.19041.1,swd,,c_swdevice.inf,0,Microsoft,swd\genericraw,Generic software device,htree\root\0,0,Microsoft,,\driver\softwaredevice
swd/mmdevapi/{0.0.0.00000000}.{65a6de69-065e-46dd-829d-8e6b5aa725f0},2025-07-09 15:34:58,Speakers (High Definition Audio Device),audioendpoint,{c166523c-fe0c-4a94-a586-f1a80cfbbf3e},"genericaudioendpoint,swd\genericraw,swd\generic",{5609ae42-a3af-cf86-1f65-cceebeb459fa},Speakers (High Definition Audio Device),,audioendpoint.inf_amd64_4fc4a632c1490033,,12-06-2019,10.0.19041.1,swd,mmdevapi\audioendpoints,audioendpoint.inf,0,Microsoft,mmdevapi\audioendpoints,Audio Endpoint,hdaudio\func_01&ven_15ad&dev_1975&subsys_15ad1975&rev_1001\5&217be3d6&0&0001,0,Microsoft,,\driver\softwaredevice
swd/mmdevapi/{0.0.1.00000000}.{d164602d-1ead-4736-9228-e56f20368389},2025-07-09 15:35:07,Microphone (High Definition Audio Device),audioendpoint,{c166523c-fe0c-4a94-a586-f1a80cfbbf3e},"genericaudioendpoint,swd\genericraw,swd\generic",{69b7a61d-ceb5-e10c-d8fd-7a3c056f2344},Microphone (High Definition Audio Device),,audioendpoint.inf_amd64_4fc4a632c1490033,,12-06-2019,10.0.19041.1,swd,mmdevapi\audioendpoints,audioendpoint.inf,0,Microsoft,mmdevapi\audioendpoints,Audio Endpoint,hdaudio\func_01&ven_15ad&dev_1975&subsys_15ad1975&rev_1001\5&217be3d6&0&0001,0,Microsoft,,\driver\softwaredevice
swd/radio/{3db5895d-cc28-44b3-ad3d-6f01a782b8d2},2025-07-09 15:34:57,Microsoft Radio Device Enumeration Bus,softwaredevice,{62f9c741-b25a-46ce-b54c-9bccce08b6f2},"swd\genericraw,swd\generic",{27db0821-3bf9-f71a-f96f-a53403857690},Microsoft Radio Device Enumeration Bus,,c_swdevice.inf_amd64_12050f4158021fcb,,06-21-2006,10.0.19041.1,swd,,c_swdevice.inf,0,Microsoft,swd\genericraw,Generic software device,htree\root\0,0,Microsoft,,\driver\softwaredevice
usb/root_hub/5&2891968b&0,2025-07-09 15:34:57,,usb,{36fc9e60-c465-11cf-8056-444553540000},,{27db0821-3bf9-f71a-f96f-a53403857690},USB Root Hub,0000a400f749fa7ec5bb99da0be7edfe737e7df3ff91,usbport.inf_amd64_230f9025c8623e5d,usbhub.sys,06-21-2006,10.0.19041.4474,usb,"usb\root_hub&vid15ad&pid0774&rev0000,usb\root_hub&vid15ad&pid0774,usb\root_hub",usbport.inf,0,(Standard USB Host Controller),usb\root_hub,USB Root Hub,pci\ven_15ad&dev_0774&subsys_197615ad&rev_00\4&bbf9765&0&0088,0,Microsoft,usbhub,"\driver\usbhub,\driver\usbuhci"
usb/root_hub20/5&36a4b5d6&0,2025-07-09 15:34:57,,usb,{36fc9e60-c465-11cf-8056-444553540000},,{27db0821-3bf9-f71a-f96f-a53403857690},USB Root Hub,0000a400f749fa7ec5bb99da0be7edfe737e7df3ff91,usbport.inf_amd64_230f9025c8623e5d,usbhub.sys,06-21-2006,10.0.19041.4474,usb,"usb\root_hub20&vid15ad&pid0770&rev0000,usb\root_hub20&vid15ad&pid0770,usb\root_hub20",usbport.inf,0,(Standard USB Host Controller),usb\root_hub20,USB Root Hub,pci\ven_15ad&dev_0770&subsys_077015ad&rev_00\4&bbf9765&0&1088,0,Microsoft,usbhub,"\driver\usbhub,\driver\usbehci"
usb/root_hub30/5&11106705&0&0,2025-07-09 15:35:14,,usb,{36fc9e60-c465-11cf-8056-444553540000},,{aaee4ced-2d0c-30ca-b87c-043845d18be9},USB Root Hub (USB 3.0),0000bb2d8daec5a852db08b15af55ee57e4f1cdb1b0b,usbhub3.inf_amd64_06fb96ab68c15632,usbhub3.sys,04-07-2025,10.0.19041.5794,usb,"usb\root_hub30&vid15ad&pid077a&rev0000,usb\root_hub30&vid15ad&pid077a,usb\root_hub30",usbhub3.inf,0,(Standard USB HUBs),usb\root_hub30,USB Root Hub (USB 3.0),pci\ven_15ad&dev_077a&subsys_077a15ad&rev_00\4&1ee266c4&0&00b0,0,Microsoft,usbhub3,"\driver\usbhub3,\driver\usbxhci"
usb/vid_0e0f&pid_0002/6&35d1f50b&0&2,2025-07-09 15:34:17,VMware Virtual USB Hub,usb,{36fc9e60-c465-11cf-8056-444553540000},"usb\class_09&subclass_00&prot_00,usb\class_09&subclass_00,usb\class_09",{d1d421a5-8c7c-6b4a-4d50-f79e292ac205},Generic USB Hub,0000a400f749fa7ec5bb99da0be7edfe737e7df3ff91,usb.inf_amd64_bbfaef91475db742,usbhub.sys,06-21-2006,10.0.19041.5794,usb,"usb\vid_0e0f&pid_0002&rev_0100,usb\vid_0e0f&pid_0002",usb.inf,0,(Generic USB Hub),usb\class_09,Generic USB Hub,usb\root_hub\5&2891968b&0,0,Microsoft,usbhub,"\driver\usbhub,\driver\usbhub"
usb/vid_0e0f&pid_0003&mi_00/7&bcbfcc2&0&0000,2025-07-09 15:34:59,VMware,hidclass,{745a17a0-74d3-11d0-b6fe-00a0c90f57da},"usb\class_03&subclass_00&prot_00,usb\class_03&subclass_00,usb\class_03",{c19833f6-0197-c8b9-f4a2-5bde5fe2ea2e},USB Input Device,00000f76d7a2a2ada1e022541a2e24a58323d4689c36,input.inf_amd64_71e43a6eaa912e56,hidusb.sys,06-21-2006,10.0.19041.3636,usb,"usb\vid_0e0f&pid_0003&rev_0102&mi_00,usb\vid_0e0f&pid_0003&mi_00",input.inf,0,(Standard system devices),usb\class_03,USB Input Device,usb\vid_0e0f&pid_0003\6&39d724fe&0&5,0,Microsoft,hidusb,"\driver\hidusb,\driver\usbccgp"
usb/vid_0e0f&pid_0003&mi_01/7&bcbfcc2&0&0001,2025-07-09 15:34:59,VMware,hidclass,{745a17a0-74d3-11d0-b6fe-00a0c90f57da},"usb\class_03&subclass_00&prot_00,usb\class_03&subclass_00,usb\class_03",{c19833f6-0197-c8b9-f4a2-5bde5fe2ea2e},USB Input Device,00000f76d7a2a2ada1e022541a2e24a58323d4689c36,input.inf_amd64_71e43a6eaa912e56,hidusb.sys,06-21-2006,10.0.19041.3636,usb,"usb\vid_0e0f&pid_0003&rev_0102&mi_01,usb\vid_0e0f&pid_0003&mi_01",input.inf,0,(Standard system devices),usb\class_03,USB Input Device,usb\vid_0e0f&pid_0003\6&39d724fe&0&5,0,Microsoft,hidusb,"\driver\hidusb,\driver\usbccgp"
usb/vid_0e0f&pid_0003/6&39d724fe&0&5,2025-07-09 15:34:59,VMware Virtual USB Mouse,usb,{36fc9e60-c465-11cf-8056-444553540000},"usb\devclass_00&subclass_00&prot_00,usb\devclass_00&subclass_00,usb\devclass_00,usb\composite",{c19833f6-0197-c8b9-f4a2-5bde5fe2ea2e},USB Composite Device,000078a897f83dedaf3b5f3fb49b3bbc2f66077f7ca7,usb.inf_amd64_bbfaef91475db742,usbccgp.sys,06-21-2006,10.0.19041.5794,usb,"usb\vid_0e0f&pid_0003&rev_0102,usb\vid_0e0f&pid_0003",usb.inf,0,(Standard USB Host Controller),usb\composite,USB Composite Device,usb\root_hub30\5&11106705&0&0,0,Microsoft,usbccgp,"\driver\usbccgp,\driver\usbhub3"
{6831360d-332c-54eb-ae49-f2cc15e248c8},2025-07-09 15:34:58,,ComputerHardwareId,,"BiosVendor:VMware, Inc.,BiosVersion:VMW201.00V.24006586.B64.2406042154,BiosReleaseDate:06/04/2024,BiosMajorRelease:0xff,BiosMinorRelease:0xff,SystemManufacturer:VMware, Inc.,SystemProduct:VMware20,1,SystemFamily:,SystemSKUNumber:,BaseboardManufacturer:,BaseboardProduct:,BaseboardVersion:,EnclosureType:0x1",{6831360d-332c-54eb-ae49-f2cc15e248c8},,,,,,,ComputerHardwareId,"{acf03b6b-b769-5cbd-8976-1e0b4b9a23d1},{e2373d43-7e79-5ac6-ae16-00edf19fc485},{baeaa7f3-89b5-53f3-b93c-d75328c29650},{4a8a248d-9e6b-5216-b83e-6cdf9bde8d0d},{27ba637b-843e-58ac-8d78-3006feac89d3},{1aaa6118-f19d-50ee-b799-86dfb0bfaf55}",,0,"VMware, Inc.",{6831360d-332c-54eb-ae49-f2cc15e248c8},,,0,,,
